,census_tract,cluster,code
0,36005000100,0,2000100
1,36005000200,3,2000200
2,36005000400,3,2000400
3,36005001600,3,2001600
4,36005001900,0,2001900
5,36005002000,1,2002000
6,36005002300,3,2002300
7,36005002400,0,2002400
8,36005002500,3,2002500
9,36005002701,0,2002701
10,36005002702,3,2002702
11,36005002800,3,2002800
12,36005003100,0,2003100
13,36005003300,0,2003300
14,36005003500,3,2003500
15,36005003700,0,2003700
16,36005003800,0,2003800
17,36005003900,3,2003900
18,36005004001,0,2004001
19,36005004100,3,2004100
20,36005004200,1,2004200
21,36005004300,3,2004300
22,36005004400,3,2004400
23,36005004600,0,2004600
24,36005004800,0,2004800
25,36005005001,3,2005001
26,36005005002,3,2005002
27,36005005100,3,2005100
28,36005005200,0,2005200
29,36005005300,0,2005300
30,36005005400,3,2005400
31,36005005600,0,2005600
32,36005005902,0,2005902
33,36005006000,0,2006000
34,36005006100,0,2006100
35,36005006200,3,2006200
36,36005006300,3,2006300
37,36005006400,3,2006400
38,36005006500,3,2006500
39,36005006700,3,2006700
40,36005006800,0,2006800
41,36005006900,1,2006900
42,36005007000,3,2007000
43,36005007100,0,2007100
44,36005007200,3,2007200
45,36005007300,0,2007300
46,36005007400,3,2007400
47,36005007500,3,2007500
48,36005007600,3,2007600
49,36005007700,0,2007700
50,36005007800,3,2007800
51,36005007900,3,2007900
52,36005008300,3,2008300
53,36005008400,0,2008400
54,36005008500,3,2008500
55,36005008600,3,2008600
56,36005008700,3,2008700
57,36005008900,3,2008900
58,36005009000,3,2009000
59,36005009200,3,2009200
60,36005009300,1,2009300
61,36005009600,0,2009600
62,36005009800,3,2009800
63,36005011000,0,2011000
64,36005011502,3,2011502
65,36005011700,0,2011700
66,36005011800,3,2011800
67,36005011900,1,2011900
68,36005012101,3,2012101
69,36005012102,0,2012102
70,36005012300,3,2012300
71,36005012500,3,2012500
72,36005012701,0,2012701
73,36005012901,3,2012901
74,36005013000,0,2013000
75,36005013100,1,2013100
76,36005013200,3,2013200
77,36005013300,1,2013300
78,36005013500,3,2013500
79,36005013800,3,2013800
80,36005014100,3,2014100
81,36005014300,0,2014300
82,36005014400,3,2014400
83,36005014500,1,2014500
84,36005014701,1,2014701
85,36005014702,3,2014702
86,36005014900,3,2014900
87,36005015100,3,2015100
88,36005015200,0,2015200
89,36005015300,3,2015300
90,36005015500,0,2015500
91,36005015700,0,2015700
92,36005015800,0,2015800
93,36005015900,0,2015900
94,36005016000,3,2016000
95,36005016100,3,2016100
96,36005016200,0,2016200
97,36005016300,0,2016300
98,36005016400,0,2016400
99,36005016500,0,2016500
100,36005016600,0,2016600
101,36005016700,0,2016700
102,36005016900,0,2016900
103,36005017100,0,2017100
104,36005017300,3,2017300
105,36005017500,1,2017500
106,36005017701,3,2017701
107,36005017702,3,2017702
108,36005017901,3,2017901
109,36005017902,3,2017902
110,36005018101,3,2018101
111,36005018102,3,2018102
112,36005018301,3,2018301
113,36005018302,3,2018302
114,36005018400,1,2018400
115,36005018500,1,2018500
116,36005018900,1,2018900
117,36005019300,3,2019300
118,36005019400,0,2019400
119,36005019500,1,2019500
120,36005019700,1,2019700
121,36005019900,1,2019900
122,36005020000,3,2020000
123,36005020100,3,2020100
124,36005020200,0,2020200
125,36005020400,0,2020400
126,36005020501,1,2020501
127,36005020502,0,2020502
128,36005020601,0,2020601
129,36005020900,1,2020900
130,36005021001,1,2021001
131,36005021002,1,2021002
132,36005021100,3,2021100
133,36005021200,1,2021200
134,36005021301,0,2021301
135,36005021302,3,2021302
136,36005021501,3,2021501
137,36005021502,3,2021502
138,36005021601,3,2021601
139,36005021602,1,2021602
140,36005021700,3,2021700
141,36005021800,1,2021800
142,36005021900,0,2021900
143,36005022000,0,2022000
144,36005022101,3,2022101
145,36005022102,3,2022102
146,36005022200,3,2022200
147,36005022300,3,2022300
148,36005022401,0,2022401
149,36005022403,0,2022403
150,36005022404,3,2022404
151,36005022500,1,2022500
152,36005022701,3,2022701
153,36005022702,0,2022702
154,36005022703,0,2022703
155,36005022800,3,2022800
156,36005022901,3,2022901
157,36005022902,0,2022902
158,36005023000,0,2023000
159,36005023100,0,2023100
160,36005023200,0,2023200
161,36005023301,3,2023301
162,36005023302,3,2023302
163,36005023501,3,2023501
164,36005023502,3,2023502
165,36005023600,0,2023600
166,36005023702,0,2023702
167,36005023703,1,2023703
168,36005023704,3,2023704
169,36005023800,0,2023800
170,36005023900,1,2023900
171,36005024000,3,2024000
172,36005024100,1,2024100
173,36005024300,4,2024300
174,36005024400,0,2024400
175,36005024501,3,2024501
176,36005024502,3,2024502
177,36005024600,0,2024600
178,36005024700,0,2024700
179,36005024800,0,2024800
180,36005024900,0,2024900
181,36005025000,0,2025000
182,36005025100,1,2025100
183,36005025200,0,2025200
184,36005025300,3,2025300
185,36005025400,0,2025400
186,36005025500,3,2025500
187,36005025600,0,2025600
188,36005025700,0,2025700
189,36005026100,4,2026100
190,36005026300,3,2026300
191,36005026400,1,2026400
192,36005026500,1,2026500
193,36005026601,3,2026601
194,36005026602,1,2026602
195,36005026701,3,2026701
196,36005026702,1,2026702
197,36005026900,3,2026900
198,36005027300,1,2027300
199,36005027401,1,2027401
200,36005027402,3,2027402
201,36005027600,0,2027600
202,36005027700,3,2027700
203,36005027900,1,2027900
204,36005028100,3,2028100
205,36005028300,0,2028300
206,36005028400,0,2028400
207,36005028500,3,2028500
208,36005028600,0,2028600
209,36005028700,0,2028700
210,36005028800,0,2028800
211,36005028900,3,2028900
212,36005029301,0,2029301
213,36005029302,3,2029302
214,36005029500,3,2029500
215,36005029600,0,2029600
216,36005029700,3,2029700
217,36005030000,1,2030000
218,36005030100,0,2030100
219,36005030200,1,2030200
220,36005030701,3,2030701
221,36005030900,0,2030900
222,36005031000,3,2031000
223,36005031200,0,2031200
224,36005031400,0,2031400
225,36005031600,0,2031600
226,36005031800,0,2031800
227,36005031900,0,2031900
228,36005032300,3,2032300
229,36005032400,3,2032400
230,36005032600,3,2032600
231,36005032800,3,2032800
232,36005033000,1,2033000
233,36005033201,3,2033201
234,36005033202,3,2033202
235,36005033400,0,2033400
236,36005033500,0,2033500
237,36005033600,3,2033600
238,36005033700,0,2033700
239,36005033800,3,2033800
240,36005034000,3,2034000
241,36005034200,0,2034200
242,36005034300,0,2034300
243,36005034400,0,2034400
244,36005034500,3,2034500
245,36005034800,3,2034800
246,36005035000,0,2035000
247,36005035100,0,2035100
248,36005035600,0,2035600
249,36005035800,1,2035800
250,36005035900,0,2035900
251,36005036000,0,2036000
252,36005036100,3,2036100
253,36005036300,1,2036300
254,36005036400,0,2036400
255,36005036501,3,2036501
256,36005036502,0,2036502
257,36005036700,0,2036700
258,36005036800,0,2036800
259,36005036901,0,2036901
260,36005036902,0,2036902
261,36005037000,0,2037000
262,36005037100,3,2037100
263,36005037200,0,2037200
264,36005037300,3,2037300
265,36005037400,0,2037400
266,36005037504,0,2037504
267,36005037600,0,2037600
268,36005037800,0,2037800
269,36005037900,3,2037900
270,36005038000,3,2038000
271,36005038100,1,2038100
272,36005038200,0,2038200
273,36005038301,3,2038301
274,36005038302,3,2038302
275,36005038500,3,2038500
276,36005038600,1,2038600
277,36005038700,0,2038700
278,36005038800,0,2038800
279,36005038900,3,2038900
280,36005039000,0,2039000
281,36005039100,3,2039100
282,36005039200,0,2039200
283,36005039300,1,2039300
284,36005039400,3,2039400
285,36005039500,3,2039500
286,36005039600,3,2039600
287,36005039700,0,2039700
288,36005039800,0,2039800
289,36005039901,1,2039901
290,36005039902,3,2039902
291,36005040100,3,2040100
292,36005040302,3,2040302
293,36005040303,3,2040303
294,36005040304,3,2040304
295,36005040400,0,2040400
296,36005040501,3,2040501
297,36005040502,1,2040502
298,36005040600,3,2040600
299,36005040701,0,2040701
300,36005040702,1,2040702
301,36005040800,3,2040800
302,36005040900,3,2040900
303,36005041100,0,2041100
304,36005041300,1,2041300
305,36005041400,3,2041400
306,36005041500,1,2041500
307,36005041800,3,2041800
308,36005041900,3,2041900
309,36005042000,3,2042000
310,36005042100,3,2042100
311,36005042200,0,2042200
312,36005042300,3,2042300
313,36005042400,0,2042400
314,36005042500,1,2042500
315,36005042600,3,2042600
316,36005042800,0,2042800
317,36005042901,0,2042901
318,36005042902,3,2042902
319,36005043000,0,2043000
320,36005043100,1,2043100
321,36005043400,3,2043400
322,36005043500,0,2043500
323,36005043600,0,2043600
324,36005044200,3,2044200
325,36005044400,3,2044400
326,36005044800,0,2044800
327,36005044901,0,2044901
328,36005044902,0,2044902
329,36005045101,0,2045101
330,36005045102,0,2045102
331,36005045600,0,2045600
332,36005045800,3,2045800
333,36005046000,0,2046000
334,36005046201,2,2046201
335,36005046202,1,2046202
336,36005048400,3,2048400
337,36005050400,0,2050400
338,36005051600,3,2051600
339,36047000100,1,3000100
340,36047000200,0,3000200
341,36047000301,1,3000301
342,36047000501,1,3000501
343,36047000502,3,3000502
344,36047000700,3,3000700
345,36047000900,3,3000900
346,36047001100,0,3001100
347,36047001300,0,3001300
348,36047001500,1,3001500
349,36047001800,0,3001800
350,36047002000,0,3002000
351,36047002100,3,3002100
352,36047002200,3,3002200
353,36047002300,3,3002300
354,36047002901,0,3002901
355,36047003000,0,3003000
356,36047003100,0,3003100
357,36047003300,3,3003300
358,36047003400,0,3003400
359,36047003500,0,3003500
360,36047003600,3,3003600
361,36047003700,0,3003700
362,36047003800,0,3003800
363,36047003900,0,3003900
364,36047004100,3,3004100
365,36047004300,3,3004300
366,36047004400,0,3004400
367,36047004500,3,3004500
368,36047004600,0,3004600
369,36047004700,0,3004700
370,36047004900,0,3004900
371,36047005000,0,3005000
372,36047005100,3,3005100
373,36047005201,0,3005201
374,36047005202,0,3005202
375,36047005300,0,3005300
376,36047005400,3,3005400
377,36047005601,0,3005601
378,36047005602,0,3005602
379,36047005800,3,3005800
380,36047005900,0,3005900
381,36047006000,0,3006000
382,36047006200,3,3006200
383,36047006300,0,3006300
384,36047006400,3,3006400
385,36047006500,3,3006500
386,36047006600,3,3006600
387,36047006700,3,3006700
388,36047006800,3,3006800
389,36047006900,3,3006900
390,36047007000,0,3007000
391,36047007100,3,3007100
392,36047007200,0,3007200
393,36047007400,3,3007400
394,36047007500,1,3007500
395,36047007600,3,3007600
396,36047007700,1,3007700
397,36047007800,3,3007800
398,36047008000,3,3008000
399,36047008200,3,3008200
400,36047008400,3,3008400
401,36047008500,1,3008500
402,36047008600,0,3008600
403,36047008800,3,3008800
404,36047009000,0,3009000
405,36047009200,3,3009200
406,36047009400,3,3009400
407,36047009600,1,3009600
408,36047009800,3,3009800
409,36047010000,1,3010000
410,36047010100,3,3010100
411,36047010200,3,3010200
412,36047010400,1,3010400
413,36047010600,3,3010600
414,36047010800,3,3010800
415,36047011000,0,3011000
416,36047011200,1,3011200
417,36047011400,3,3011400
418,36047011600,3,3011600
419,36047011700,4,3011700
420,36047011800,0,3011800
421,36047011900,0,3011900
422,36047012000,0,3012000
423,36047012100,0,3012100
424,36047012200,3,3012200
425,36047012600,0,3012600
426,36047012700,3,3012700
427,36047012801,0,3012801
428,36047012901,3,3012901
429,36047012902,0,3012902
430,36047013000,3,3013000
431,36047013100,3,3013100
432,36047013200,0,3013200
433,36047013300,3,3013300
434,36047013400,3,3013400
435,36047013500,3,3013500
436,36047013600,3,3013600
437,36047013700,3,3013700
438,36047013800,3,3013800
439,36047013900,3,3013900
440,36047014000,0,3014000
441,36047014100,3,3014100
442,36047014200,0,3014200
443,36047014300,4,3014300
444,36047014500,1,3014500
445,36047014700,3,3014700
446,36047014800,0,3014800
447,36047014900,3,3014900
448,36047015000,0,3015000
449,36047015100,3,3015100
450,36047015200,0,3015200
451,36047015300,3,3015300
452,36047015400,0,3015400
453,36047015500,3,3015500
454,36047015700,3,3015700
455,36047015900,3,3015900
456,36047016000,3,3016000
457,36047016100,3,3016100
458,36047016200,0,3016200
459,36047016300,3,3016300
460,36047016400,0,3016400
461,36047016500,3,3016500
462,36047016600,0,3016600
463,36047016700,3,3016700
464,36047016800,0,3016800
465,36047016900,1,3016900
466,36047017000,3,3017000
467,36047017100,3,3017100
468,36047017200,0,3017200
469,36047017400,0,3017400
470,36047017500,0,3017500
471,36047017600,0,3017600
472,36047017700,0,3017700
473,36047017800,4,3017800
474,36047017900,3,3017900
475,36047018000,0,3018000
476,36047018100,3,3018100
477,36047018200,3,3018200
478,36047018300,3,3018300
479,36047018400,0,3018400
480,36047018501,3,3018501
481,36047018600,0,3018600
482,36047018700,0,3018700
483,36047018800,0,3018800
484,36047019000,3,3019000
485,36047019100,0,3019100
486,36047019200,0,3019200
487,36047019300,3,3019300
488,36047019400,3,3019400
489,36047019500,3,3019500
490,36047019600,3,3019600
491,36047019700,3,3019700
492,36047019800,4,3019800
493,36047019900,3,3019900
494,36047020000,3,3020000
495,36047020100,3,3020100
496,36047020200,0,3020200
497,36047020300,0,3020300
498,36047020400,0,3020400
499,36047020500,3,3020500
500,36047020600,0,3020600
501,36047020700,3,3020700
502,36047020800,3,3020800
503,36047021000,1,3021000
504,36047021100,0,3021100
505,36047021200,1,3021200
506,36047021300,3,3021300
507,36047021400,0,3021400
508,36047021500,1,3021500
509,36047021600,3,3021600
510,36047021700,3,3021700
511,36047021800,3,3021800
512,36047021900,3,3021900
513,36047022000,3,3022000
514,36047022100,3,3022100
515,36047022200,4,3022200
516,36047022400,3,3022400
517,36047022600,0,3022600
518,36047022700,3,3022700
519,36047022800,3,3022800
520,36047022900,3,3022900
521,36047023000,3,3023000
522,36047023100,3,3023100
523,36047023200,3,3023200
524,36047023300,3,3023300
525,36047023400,3,3023400
526,36047023500,3,3023500
527,36047023600,3,3023600
528,36047023800,3,3023800
529,36047024000,3,3024000
530,36047024100,0,3024100
531,36047024200,0,3024200
532,36047024300,3,3024300
533,36047024400,0,3024400
534,36047024500,3,3024500
535,36047024600,0,3024600
536,36047024700,0,3024700
537,36047024800,0,3024800
538,36047024900,3,3024900
539,36047025000,0,3025000
540,36047025100,0,3025100
541,36047025200,3,3025200
542,36047025300,0,3025300
543,36047025400,3,3025400
544,36047025500,3,3025500
545,36047025600,3,3025600
546,36047025700,0,3025700
547,36047025800,3,3025800
548,36047025901,0,3025901
549,36047025902,0,3025902
550,36047026000,3,3026000
551,36047026100,3,3026100
552,36047026200,0,3026200
553,36047026300,0,3026300
554,36047026400,3,3026400
555,36047026500,3,3026500
556,36047026600,3,3026600
557,36047026700,3,3026700
558,36047026800,3,3026800
559,36047026900,0,3026900
560,36047027000,0,3027000
561,36047027100,0,3027100
562,36047027200,3,3027200
563,36047027300,0,3027300
564,36047027400,3,3027400
565,36047027500,3,3027500
566,36047027600,3,3027600
567,36047027700,3,3027700
568,36047027800,3,3027800
569,36047027900,0,3027900
570,36047028000,0,3028000
571,36047028100,3,3028100
572,36047028200,3,3028200
573,36047028300,3,3028300
574,36047028400,3,3028400
575,36047028501,0,3028501
576,36047028502,0,3028502
577,36047028600,3,3028600
578,36047028700,0,3028700
579,36047028800,3,3028800
580,36047028900,3,3028900
581,36047029000,3,3029000
582,36047029100,0,3029100
583,36047029200,0,3029200
584,36047029300,0,3029300
585,36047029400,0,3029400
586,36047029500,0,3029500
587,36047029600,1,3029600
588,36047029700,0,3029700
589,36047029800,3,3029800
590,36047029900,0,3029900
591,36047030000,3,3030000
592,36047030100,0,3030100
593,36047030200,3,3030200
594,36047030300,3,3030300
595,36047030400,3,3030400
596,36047030500,1,3030500
597,36047030600,0,3030600
598,36047030700,0,3030700
599,36047030800,0,3030800
600,36047030900,0,3030900
601,36047031100,0,3031100
602,36047031300,3,3031300
603,36047031400,3,3031400
604,36047031500,3,3031500
605,36047031701,3,3031701
606,36047031702,3,3031702
607,36047031900,3,3031900
608,36047032100,3,3032100
609,36047032300,3,3032300
610,36047032500,1,3032500
611,36047032600,3,3032600
612,36047032700,0,3032700
613,36047032800,0,3032800
614,36047032900,3,3032900
615,36047033000,3,3033000
616,36047033100,3,3033100
617,36047033300,3,3033300
618,36047033500,0,3033500
619,36047033600,3,3033600
620,36047033700,3,3033700
621,36047033900,3,3033900
622,36047034000,0,3034000
623,36047034100,0,3034100
624,36047034200,3,3034200
625,36047034300,3,3034300
626,36047034500,0,3034500
627,36047034700,0,3034700
628,36047034800,0,3034800
629,36047034900,3,3034900
630,36047035000,0,3035000
631,36047035100,3,3035100
632,36047035200,0,3035200
633,36047035300,3,3035300
634,36047035400,3,3035400
635,36047035500,3,3035500
636,36047035601,0,3035601
637,36047035602,4,3035602
638,36047035700,0,3035700
639,36047035900,3,3035900
640,36047036001,0,3036001
641,36047036002,0,3036002
642,36047036100,0,3036100
643,36047036200,0,3036200
644,36047036300,0,3036300
645,36047036400,0,3036400
646,36047036501,0,3036501
647,36047036502,0,3036502
648,36047036600,3,3036600
649,36047036700,0,3036700
650,36047036900,3,3036900
651,36047037000,3,3037000
652,36047037100,3,3037100
653,36047037300,3,3037300
654,36047037401,3,3037401
655,36047037402,3,3037402
656,36047037500,0,3037500
657,36047037700,0,3037700
658,36047037900,3,3037900
659,36047038100,3,3038100
660,36047038200,1,3038200
661,36047038300,3,3038300
662,36047038500,0,3038500
663,36047038600,3,3038600
664,36047038700,3,3038700
665,36047038800,0,3038800
666,36047038900,0,3038900
667,36047039000,0,3039000
668,36047039100,0,3039100
669,36047039200,0,3039200
670,36047039300,3,3039300
671,36047039400,0,3039400
672,36047039500,3,3039500
673,36047039600,0,3039600
674,36047039700,3,3039700
675,36047039800,0,3039800
676,36047039900,3,3039900
677,36047040000,0,3040000
678,36047040100,3,3040100
679,36047040200,0,3040200
680,36047040300,0,3040300
681,36047040400,0,3040400
682,36047040500,0,3040500
683,36047040600,0,3040600
684,36047040700,0,3040700
685,36047040800,3,3040800
686,36047040900,3,3040900
687,36047041000,0,3041000
688,36047041100,0,3041100
689,36047041200,3,3041200
690,36047041300,3,3041300
691,36047041401,0,3041401
692,36047041402,0,3041402
693,36047041500,3,3041500
694,36047041600,0,3041600
695,36047041700,3,3041700
696,36047041800,0,3041800
697,36047041900,3,3041900
698,36047042000,0,3042000
699,36047042100,3,3042100
700,36047042200,0,3042200
701,36047042300,3,3042300
702,36047042400,3,3042400
703,36047042500,3,3042500
704,36047042600,3,3042600
705,36047042700,3,3042700
706,36047042800,3,3042800
707,36047042900,3,3042900
708,36047043000,3,3043000
709,36047043100,3,3043100
710,36047043200,3,3043200
711,36047043300,3,3043300
712,36047043400,3,3043400
713,36047043500,3,3043500
714,36047043600,3,3043600
715,36047043700,3,3043700
716,36047043800,0,3043800
717,36047043900,3,3043900
718,36047044000,0,3044000
719,36047044100,1,3044100
720,36047044200,0,3044200
721,36047044300,1,3044300
722,36047044400,0,3044400
723,36047044500,3,3044500
724,36047044600,0,3044600
725,36047044700,3,3044700
726,36047044800,0,3044800
727,36047044900,3,3044900
728,36047045000,0,3045000
729,36047045200,0,3045200
730,36047045300,0,3045300
731,36047045400,0,3045400
732,36047045600,0,3045600
733,36047045800,0,3045800
734,36047046000,3,3046000
735,36047046201,0,3046201
736,36047046202,0,3046202
737,36047046400,0,3046400
738,36047046800,0,3046800
739,36047047000,0,3047000
740,36047047200,0,3047200
741,36047047400,0,3047400
742,36047047600,0,3047600
743,36047047700,1,3047700
744,36047047800,3,3047800
745,36047048000,3,3048000
746,36047048100,3,3048100
747,36047048200,3,3048200
748,36047048400,3,3048400
749,36047048500,3,3048500
750,36047048600,0,3048600
751,36047048800,3,3048800
752,36047048900,3,3048900
753,36047049000,3,3049000
754,36047049100,4,3049100
755,36047049200,0,3049200
756,36047049300,1,3049300
757,36047049400,3,3049400
758,36047049500,3,3049500
759,36047049600,3,3049600
760,36047049700,3,3049700
761,36047049800,3,3049800
762,36047049900,3,3049900
763,36047050000,3,3050000
764,36047050100,3,3050100
765,36047050202,0,3050202
766,36047050300,3,3050300
767,36047050400,3,3050400
768,36047050500,1,3050500
769,36047050600,3,3050600
770,36047050700,0,3050700
771,36047050801,3,3050801
772,36047050803,0,3050803
773,36047050804,1,3050804
774,36047050900,3,3050900
775,36047051001,3,3051001
776,36047051002,3,3051002
777,36047051100,3,3051100
778,36047051200,1,3051200
779,36047051300,1,3051300
780,36047051400,1,3051400
781,36047051500,0,3051500
782,36047051601,3,3051601
783,36047051602,3,3051602
784,36047051700,0,3051700
785,36047051800,3,3051800
786,36047051900,1,3051900
787,36047052000,3,3052000
788,36047052300,1,3052300
789,36047052500,3,3052500
790,36047052600,3,3052600
791,36047052700,1,3052700
792,36047052800,0,3052800
793,36047052900,3,3052900
794,36047053000,0,3053000
795,36047053100,1,3053100
796,36047053200,0,3053200
797,36047053300,1,3053300
798,36047053400,3,3053400
799,36047053500,3,3053500
800,36047053700,0,3053700
801,36047053800,3,3053800
802,36047053900,3,3053900
803,36047054200,3,3054200
804,36047054300,0,3054300
805,36047054400,3,3054400
806,36047054500,1,3054500
807,36047054600,1,3054600
808,36047054700,3,3054700
809,36047054800,0,3054800
810,36047054900,3,3054900
811,36047055000,3,3055000
812,36047055100,1,3055100
813,36047055200,0,3055200
814,36047055300,3,3055300
815,36047055400,3,3055400
816,36047055500,3,3055500
817,36047055600,3,3055600
818,36047055700,0,3055700
819,36047055800,0,3055800
820,36047056000,3,3056000
821,36047056100,3,3056100
822,36047056200,0,3056200
823,36047056300,3,3056300
824,36047056400,0,3056400
825,36047056500,3,3056500
826,36047056600,0,3056600
827,36047056800,0,3056800
828,36047056900,0,3056900
829,36047057000,0,3057000
830,36047057100,1,3057100
831,36047057200,3,3057200
832,36047057300,3,3057300
833,36047057400,0,3057400
834,36047057500,1,3057500
835,36047057600,0,3057600
836,36047057800,0,3057800
837,36047057900,0,3057900
838,36047058000,0,3058000
839,36047058200,0,3058200
840,36047058400,3,3058400
841,36047058600,0,3058600
842,36047058800,3,3058800
843,36047058900,0,3058900
844,36047059000,0,3059000
845,36047059100,3,3059100
846,36047059200,3,3059200
847,36047059300,3,3059300
848,36047059401,1,3059401
849,36047059402,3,3059402
850,36047059600,0,3059600
851,36047059800,3,3059800
852,36047060000,1,3060000
853,36047060600,0,3060600
854,36047060800,3,3060800
855,36047061002,3,3061002
856,36047061003,4,3061003
857,36047061004,1,3061004
858,36047061200,0,3061200
859,36047061600,0,3061600
860,36047062000,0,3062000
861,36047062200,3,3062200
862,36047062600,0,3062600
863,36047062800,3,3062800
864,36047063200,0,3063200
865,36047063600,0,3063600
866,36047063800,0,3063800
867,36047064000,0,3064000
868,36047064200,0,3064200
869,36047064400,0,3064400
870,36047064600,0,3064600
871,36047064800,0,3064800
872,36047065000,0,3065000
873,36047065200,0,3065200
874,36047065400,0,3065400
875,36047065600,0,3065600
876,36047065800,0,3065800
877,36047066000,0,3066000
878,36047066200,0,3066200
879,36047066600,0,3066600
880,36047067000,0,3067000
881,36047067200,0,3067200
882,36047067400,0,3067400
883,36047067600,0,3067600
884,36047067800,0,3067800
885,36047068000,0,3068000
886,36047068200,0,3068200
887,36047068600,0,3068600
888,36047068800,0,3068800
889,36047069000,0,3069000
890,36047069200,0,3069200
891,36047069601,3,3069601
892,36047069602,1,3069602
893,36047069800,0,3069800
894,36047070000,0,3070000
895,36047070201,1,3070201
896,36047070202,0,3070202
897,36047070203,0,3070203
898,36047070600,0,3070600
899,36047072000,0,3072000
900,36047072200,0,3072200
901,36047072400,0,3072400
902,36047072600,0,3072600
903,36047072800,0,3072800
904,36047073000,0,3073000
905,36047073200,0,3073200
906,36047073400,0,3073400
907,36047073600,0,3073600
908,36047073800,0,3073800
909,36047074000,3,3074000
910,36047074200,3,3074200
911,36047074400,0,3074400
912,36047074600,0,3074600
913,36047074800,0,3074800
914,36047075000,0,3075000
915,36047075200,0,3075200
916,36047075400,0,3075400
917,36047075600,0,3075600
918,36047075800,0,3075800
919,36047076000,0,3076000
920,36047076200,4,3076200
921,36047076400,3,3076400
922,36047076600,0,3076600
923,36047076800,3,3076800
924,36047077000,3,3077000
925,36047077200,3,3077200
926,36047077400,3,3077400
927,36047077600,3,3077600
928,36047078000,0,3078000
929,36047078200,3,3078200
930,36047078400,0,3078400
931,36047078600,3,3078600
932,36047078800,3,3078800
933,36047079000,3,3079000
934,36047079200,3,3079200
935,36047079400,0,3079400
936,36047079601,3,3079601
937,36047079602,3,3079602
938,36047079801,3,3079801
939,36047079802,1,3079802
940,36047080000,3,3080000
941,36047080200,3,3080200
942,36047080400,3,3080400
943,36047080600,3,3080600
944,36047080800,0,3080800
945,36047081000,0,3081000
946,36047081400,0,3081400
947,36047081600,0,3081600
948,36047081800,1,3081800
949,36047082000,3,3082000
950,36047082200,1,3082200
951,36047082400,3,3082400
952,36047082600,1,3082600
953,36047082800,3,3082800
954,36047083000,1,3083000
955,36047083200,0,3083200
956,36047083400,0,3083400
957,36047083600,0,3083600
958,36047083800,0,3083800
959,36047084000,0,3084000
960,36047084600,0,3084600
961,36047084800,0,3084800
962,36047085000,0,3085000
963,36047085200,0,3085200
964,36047085400,0,3085400
965,36047085600,3,3085600
966,36047085800,0,3085800
967,36047086000,3,3086000
968,36047086200,3,3086200
969,36047086400,0,3086400
970,36047086600,0,3086600
971,36047086800,0,3086800
972,36047087000,0,3087000
973,36047087200,0,3087200
974,36047087401,0,3087401
975,36047087600,0,3087600
976,36047087800,0,3087800
977,36047088000,0,3088000
978,36047088200,3,3088200
979,36047088400,3,3088400
980,36047088600,3,3088600
981,36047088800,3,3088800
982,36047089000,3,3089000
983,36047089200,0,3089200
984,36047089400,0,3089400
985,36047089600,0,3089600
986,36047089800,0,3089800
987,36047090000,3,3090000
988,36047090200,0,3090200
989,36047090600,3,3090600
990,36047090800,0,3090800
991,36047091000,3,3091000
992,36047091200,3,3091200
993,36047091600,3,3091600
994,36047091800,0,3091800
995,36047092000,0,3092000
996,36047092200,0,3092200
997,36047092400,0,3092400
998,36047092800,0,3092800
999,36047093000,0,3093000
1000,36047093200,0,3093200
1001,36047093400,0,3093400
1002,36047093600,0,3093600
1003,36047093800,0,3093800
1004,36047094401,3,3094401
1005,36047094402,0,3094402
1006,36047094600,0,3094600
1007,36047095000,0,3095000
1008,36047095400,3,3095400
1009,36047095600,3,3095600
1010,36047095800,3,3095800
1011,36047096000,0,3096000
1012,36047096200,0,3096200
1013,36047096400,0,3096400
1014,36047096600,0,3096600
1015,36047096800,0,3096800
1016,36047097000,0,3097000
1017,36047097400,0,3097400
1018,36047098200,3,3098200
1019,36047098400,0,3098400
1020,36047098600,3,3098600
1021,36047098800,3,3098800
1022,36047099000,0,3099000
1023,36047099200,0,3099200
1024,36047099400,0,3099400
1025,36047099600,3,3099600
1026,36047099800,3,3099800
1027,36047100400,0,3100400
1028,36047100600,0,3100600
1029,36047100800,0,3100800
1030,36047101000,0,3101000
1031,36047101200,0,3101200
1032,36047101400,0,3101400
1033,36047101600,0,3101600
1034,36047101800,0,3101800
1035,36047102000,0,3102000
1036,36047102200,0,3102200
1037,36047102400,0,3102400
1038,36047102600,0,3102600
1039,36047102800,0,3102800
1040,36047103400,3,3103400
1041,36047105801,1,3105801
1042,36047105804,1,3105804
1043,36047107000,0,3107000
1044,36047107800,3,3107800
1045,36047109800,0,3109800
1046,36047110400,3,3110400
1047,36047110600,3,3110600
1048,36047111000,0,3111000
1049,36047111600,3,3111600
1050,36047111800,0,3111800
1051,36047112000,0,3112000
1052,36047112200,0,3112200
1053,36047112400,3,3112400
1054,36047112600,3,3112600
1055,36047112800,3,3112800
1056,36047113000,3,3113000
1057,36047113200,0,3113200
1058,36047113400,0,3113400
1059,36047114201,0,3114201
1060,36047114202,0,3114202
1061,36047114400,0,3114400
1062,36047114600,0,3114600
1063,36047115000,0,3115000
1064,36047115200,0,3115200
1065,36047115600,3,3115600
1066,36047115800,3,3115800
1067,36047116000,0,3116000
1068,36047116200,0,3116200
1069,36047116400,0,3116400
1070,36047116600,0,3116600
1071,36047116800,0,3116800
1072,36047117000,0,3117000
1073,36047117201,0,3117201
1074,36047117202,3,3117202
1075,36047117400,3,3117400
1076,36047117601,0,3117601
1077,36047117602,3,3117602
1078,36047117800,0,3117800
1079,36047118000,0,3118000
1080,36047118201,3,3118201
1081,36047118202,3,3118202
1082,36047118400,3,3118400
1083,36047118600,0,3118600
1084,36047118800,3,3118800
1085,36047119000,0,3119000
1086,36047119200,0,3119200
1087,36047119400,3,3119400
1088,36047119600,3,3119600
1089,36047119800,3,3119800
1090,36047120000,0,3120000
1091,36047120200,0,3120200
1092,36047120800,1,3120800
1093,36047121000,3,3121000
1094,36047121400,3,3121400
1095,36047122000,3,3122000
1096,36047123700,1,3123700
1097,36047150200,4,3150200
1098,36047152200,3,3152200
1099,36047990100,0,3990100
1100,36061000100,0,1000100
1101,36061000201,3,1000201
1102,36061000202,1,1000202
1103,36061000500,0,1000500
1104,36061000600,1,1000600
1105,36061000700,2,1000700
1106,36061000800,1,1000800
1107,36061000900,0,1000900
1108,36061001001,0,1001001
1109,36061001002,3,1001002
1110,36061001200,3,1001200
1111,36061001300,3,1001300
1112,36061001401,0,1001401
1113,36061001402,0,1001402
1114,36061001501,1,1001501
1115,36061001502,2,1001502
1116,36061001600,1,1001600
1117,36061001800,1,1001800
1118,36061002000,3,1002000
1119,36061002100,2,1002100
1120,36061002201,1,1002201
1121,36061002202,3,1002202
1122,36061002400,3,1002400
1123,36061002500,3,1002500
1124,36061002601,3,1002601
1125,36061002602,3,1002602
1126,36061002700,4,1002700
1127,36061002800,1,1002800
1128,36061002900,1,1002900
1129,36061003001,1,1003001
1130,36061003002,3,1003002
1131,36061003100,0,1003100
1132,36061003200,2,1003200
1133,36061003300,3,1003300
1134,36061003400,2,1003400
1135,36061003601,3,1003601
1136,36061003602,3,1003602
1137,36061003700,3,1003700
1138,36061003800,2,1003800
1139,36061003900,2,1003900
1140,36061004000,2,1004000
1141,36061004100,1,1004100
1142,36061004200,1,1004200
1143,36061004300,3,1004300
1144,36061004400,2,1004400
1145,36061004500,0,1004500
1146,36061004700,0,1004700
1147,36061004800,2,1004800
1148,36061004900,3,1004900
1149,36061005000,2,1005000
1150,36061005200,3,1005200
1151,36061005400,3,1005400
1152,36061005501,3,1005501
1153,36061005502,0,1005502
1154,36061005600,3,1005600
1155,36061005700,3,1005700
1156,36061005800,3,1005800
1157,36061005900,3,1005900
1158,36061006000,3,1006000
1159,36061006100,3,1006100
1160,36061006200,0,1006200
1161,36061006300,4,1006300
1162,36061006400,2,1006400
1163,36061006500,2,1006500
1164,36061006600,2,1006600
1165,36061006700,2,1006700
1166,36061006800,2,1006800
1167,36061006900,3,1006900
1168,36061007000,2,1007000
1169,36061007100,2,1007100
1170,36061007200,2,1007200
1171,36061007300,2,1007300
1172,36061007400,3,1007400
1173,36061007500,1,1007500
1174,36061007600,3,1007600
1175,36061007700,2,1007700
1176,36061007800,2,1007800
1177,36061007900,1,1007900
1178,36061008000,2,1008000
1179,36061008100,2,1008100
1180,36061008200,3,1008200
1181,36061008300,3,1008300
1182,36061008400,0,1008400
1183,36061008601,3,1008601
1184,36061008602,0,1008602
1185,36061008603,3,1008603
1186,36061008700,2,1008700
1187,36061008800,2,1008800
1188,36061008900,2,1008900
1189,36061009000,2,1009000
1190,36061009100,2,1009100
1191,36061009200,3,1009200
1192,36061009300,2,1009300
1193,36061009400,0,1009400
1194,36061009500,3,1009500
1195,36061009600,0,1009600
1196,36061009700,1,1009700
1197,36061009800,2,1009800
1198,36061009900,3,1009900
1199,36061010000,0,1010000
1200,36061010100,0,1010100
1201,36061010200,0,1010200
1202,36061010300,3,1010300
1203,36061010400,0,1010400
1204,36061010601,2,1010601
1205,36061010602,3,1010602
1206,36061010800,2,1010800
1207,36061010900,0,1010900
1208,36061011000,2,1011000
1209,36061011100,1,1011100
1210,36061011201,0,1011201
1211,36061011202,0,1011202
1212,36061011203,0,1011203
1213,36061011300,0,1011300
1214,36061011401,0,1011401
1215,36061011402,3,1011402
1216,36061011500,3,1011500
1217,36061011600,3,1011600
1218,36061011700,3,1011700
1219,36061011800,2,1011800
1220,36061011900,0,1011900
1221,36061012000,3,1012000
1222,36061012100,2,1012100
1223,36061012200,3,1012200
1224,36061012400,2,1012400
1225,36061012500,3,1012500
1226,36061012600,2,1012600
1227,36061012700,2,1012700
1228,36061012800,1,1012800
1229,36061012900,2,1012900
1230,36061013000,3,1013000
1231,36061013100,3,1013100
1232,36061013200,2,1013200
1233,36061013300,2,1013300
1234,36061013400,2,1013400
1235,36061013500,2,1013500
1236,36061013600,2,1013600
1237,36061013700,2,1013700
1238,36061013800,2,1013800
1239,36061013900,2,1013900
1240,36061014000,2,1014000
1241,36061014200,3,1014200
1242,36061014300,0,1014300
1243,36061014401,3,1014401
1244,36061014402,2,1014402
1245,36061014500,1,1014500
1246,36061014601,3,1014601
1247,36061014602,2,1014602
1248,36061014700,3,1014700
1249,36061014801,0,1014801
1250,36061014802,2,1014802
1251,36061014900,2,1014900
1252,36061015001,0,1015001
1253,36061015002,3,1015002
1254,36061015100,2,1015100
1255,36061015200,2,1015200
1256,36061015300,2,1015300
1257,36061015400,2,1015400
1258,36061015500,2,1015500
1259,36061015601,2,1015601
1260,36061015602,0,1015602
1261,36061015700,2,1015700
1262,36061015801,3,1015801
1263,36061015802,3,1015802
1264,36061015900,2,1015900
1265,36061016001,0,1016001
1266,36061016002,0,1016002
1267,36061016100,2,1016100
1268,36061016200,1,1016200
1269,36061016300,2,1016300
1270,36061016400,1,1016400
1271,36061016500,4,1016500
1272,36061016600,1,1016600
1273,36061016700,2,1016700
1274,36061016800,3,1016800
1275,36061016900,2,1016900
1276,36061017000,1,1017000
1277,36061017100,2,1017100
1278,36061017200,3,1017200
1279,36061017300,2,1017300
1280,36061017401,3,1017401
1281,36061017402,0,1017402
1282,36061017500,2,1017500
1283,36061017700,2,1017700
1284,36061017800,3,1017800
1285,36061017900,2,1017900
1286,36061018000,1,1018000
1287,36061018100,2,1018100
1288,36061018200,3,1018200
1289,36061018300,2,1018300
1290,36061018400,1,1018400
1291,36061018500,3,1018500
1292,36061018600,3,1018600
1293,36061018700,2,1018700
1294,36061018800,1,1018800
1295,36061018900,2,1018900
1296,36061019000,3,1019000
1297,36061019100,2,1019100
1298,36061019200,3,1019200
1299,36061019300,2,1019300
1300,36061019400,1,1019400
1301,36061019500,2,1019500
1302,36061019600,3,1019600
1303,36061019701,0,1019701
1304,36061019702,0,1019702
1305,36061019800,0,1019800
1306,36061019900,2,1019900
1307,36061020000,0,1020000
1308,36061020101,0,1020101
1309,36061020102,3,1020102
1310,36061020300,0,1020300
1311,36061020500,3,1020500
1312,36061020600,0,1020600
1313,36061020701,3,1020701
1314,36061020800,3,1020800
1315,36061020901,3,1020901
1316,36061021000,1,1021000
1317,36061021100,2,1021100
1318,36061021200,3,1021200
1319,36061021303,1,1021303
1320,36061021400,3,1021400
1321,36061021500,3,1021500
1322,36061021600,1,1021600
1323,36061021703,0,1021703
1324,36061021800,1,1021800
1325,36061021900,1,1021900
1326,36061022000,1,1022000
1327,36061022102,0,1022102
1328,36061022200,0,1022200
1329,36061022301,1,1022301
1330,36061022302,3,1022302
1331,36061022400,1,1022400
1332,36061022500,2,1022500
1333,36061022600,3,1022600
1334,36061022700,3,1022700
1335,36061022800,1,1022800
1336,36061022900,1,1022900
1337,36061023000,1,1023000
1338,36061023100,1,1023100
1339,36061023200,1,1023200
1340,36061023300,1,1023300
1341,36061023400,3,1023400
1342,36061023501,1,1023501
1343,36061023502,0,1023502
1344,36061023600,3,1023600
1345,36061023700,1,1023700
1346,36061023801,1,1023801
1347,36061023802,0,1023802
1348,36061023900,0,1023900
1349,36061024000,0,1024000
1350,36061024100,1,1024100
1351,36061024200,3,1024200
1352,36061024301,3,1024301
1353,36061024302,3,1024302
1354,36061024500,2,1024500
1355,36061024700,1,1024700
1356,36061024900,0,1024900
1357,36061025100,0,1025100
1358,36061025300,2,1025300
1359,36061025500,1,1025500
1360,36061025700,3,1025700
1361,36061025900,3,1025900
1362,36061026100,1,1026100
1363,36061026300,1,1026300
1364,36061026500,1,1026500
1365,36061026700,0,1026700
1366,36061026900,1,1026900
1367,36061027100,1,1027100
1368,36061027300,2,1027300
1369,36061027500,3,1027500
1370,36061027700,1,1027700
1371,36061027900,1,1027900
1372,36061028100,3,1028100
1373,36061028300,1,1028300
1374,36061028500,1,1028500
1375,36061028700,3,1028700
1376,36061029100,1,1029100
1377,36061029300,1,1029300
1378,36061029500,2,1029500
1379,36061029700,0,1029700
1380,36061029900,3,1029900
1381,36061030300,3,1030300
1382,36061030700,3,1030700
1383,36061030900,4,1030900
1384,36061031100,0,1031100
1385,36061031703,2,1031703
1386,36061031704,2,1031704
1387,36061031900,0,1031900
1388,36081000100,3,4000100
1389,36081000200,0,4000200
1390,36081000400,3,4000400
1391,36081000600,3,4000600
1392,36081000700,3,4000700
1393,36081000800,0,4000800
1394,36081001000,3,4001000
1395,36081001200,3,4001200
1396,36081001400,3,4001400
1397,36081001600,3,4001600
1398,36081001800,0,4001800
1399,36081001900,0,4001900
1400,36081002000,0,4002000
1401,36081002200,0,4002200
1402,36081002400,0,4002400
1403,36081002500,1,4002500
1404,36081002600,0,4002600
1405,36081002800,0,4002800
1406,36081003000,0,4003000
1407,36081003100,0,4003100
1408,36081003200,0,4003200
1409,36081003300,3,4003300
1410,36081003400,0,4003400
1411,36081003600,3,4003600
1412,36081003700,0,4003700
1413,36081003800,0,4003800
1414,36081003900,0,4003900
1415,36081004001,0,4004001
1416,36081004002,0,4004002
1417,36081004200,3,4004200
1418,36081004300,0,4004300
1419,36081004401,3,4004401
1420,36081004500,3,4004500
1421,36081004700,3,4004700
1422,36081005000,0,4005000
1423,36081005100,0,4005100
1424,36081005200,0,4005200
1425,36081005300,1,4005300
1426,36081005400,3,4005400
1427,36081005500,0,4005500
1428,36081005700,3,4005700
1429,36081005800,1,4005800
1430,36081005900,3,4005900
1431,36081006100,1,4006100
1432,36081006201,3,4006201
1433,36081006202,1,4006202
1434,36081006300,1,4006300
1435,36081006501,3,4006501
1436,36081006502,3,4006502
1437,36081006900,3,4006900
1438,36081007100,3,4007100
1439,36081007300,1,4007300
1440,36081007500,3,4007500
1441,36081007700,0,4007700
1442,36081007900,3,4007900
1443,36081008100,0,4008100
1444,36081008300,3,4008300
1445,36081008500,0,4008500
1446,36081008600,3,4008600
1447,36081008700,3,4008700
1448,36081008800,4,4008800
1449,36081009100,0,4009100
1450,36081009400,0,4009400
1451,36081009500,0,4009500
1452,36081009600,3,4009600
1453,36081009700,3,4009700
1454,36081009800,0,4009800
1455,36081009900,0,4009900
1456,36081010000,3,4010000
1457,36081010100,0,4010100
1458,36081010200,0,4010200
1459,36081010300,3,4010300
1460,36081010400,3,4010400
1461,36081010500,3,4010500
1462,36081010600,3,4010600
1463,36081010701,0,4010701
1464,36081010800,3,4010800
1465,36081011000,3,4011000
1466,36081011100,3,4011100
1467,36081011200,0,4011200
1468,36081011300,3,4011300
1469,36081011400,0,4011400
1470,36081011500,0,4011500
1471,36081011600,0,4011600
1472,36081011700,3,4011700
1473,36081011800,4,4011800
1474,36081011900,0,4011900
1475,36081012000,0,4012000
1476,36081012100,0,4012100
1477,36081012200,0,4012200
1478,36081012301,3,4012301
1479,36081012400,3,4012400
1480,36081012500,0,4012500
1481,36081012601,0,4012601
1482,36081012602,3,4012602
1483,36081012800,0,4012800
1484,36081013000,0,4013000
1485,36081013200,0,4013200
1486,36081013400,1,4013400
1487,36081013500,0,4013500
1488,36081013600,3,4013600
1489,36081013700,0,4013700
1490,36081013800,3,4013800
1491,36081014000,3,4014000
1492,36081014100,0,4014100
1493,36081014201,3,4014201
1494,36081014202,0,4014202
1495,36081014300,3,4014300
1496,36081014400,0,4014400
1497,36081014500,0,4014500
1498,36081014700,3,4014700
1499,36081014800,0,4014800
1500,36081014900,0,4014900
1501,36081015000,0,4015000
1502,36081015100,0,4015100
1503,36081015200,0,4015200
1504,36081015300,0,4015300
1505,36081015400,0,4015400
1506,36081015500,0,4015500
1507,36081015600,3,4015600
1508,36081015700,0,4015700
1509,36081015801,3,4015801
1510,36081015802,3,4015802
1511,36081015900,3,4015900
1512,36081016100,0,4016100
1513,36081016300,3,4016300
1514,36081016400,3,4016400
1515,36081016600,3,4016600
1516,36081016800,3,4016800
1517,36081016900,3,4016900
1518,36081017000,0,4017000
1519,36081017100,0,4017100
1520,36081017200,0,4017200
1521,36081017400,0,4017400
1522,36081017600,0,4017600
1523,36081017800,0,4017800
1524,36081017900,0,4017900
1525,36081018000,0,4018000
1526,36081018101,3,4018101
1527,36081018102,3,4018102
1528,36081018200,0,4018200
1529,36081018300,1,4018300
1530,36081018401,0,4018401
1531,36081018402,0,4018402
1532,36081018501,3,4018501
1533,36081018502,3,4018502
1534,36081018600,0,4018600
1535,36081018700,3,4018700
1536,36081018800,0,4018800
1537,36081018900,3,4018900
1538,36081019000,0,4019000
1539,36081019200,0,4019200
1540,36081019400,0,4019400
1541,36081019600,0,4019600
1542,36081019800,0,4019800
1543,36081019900,0,4019900
1544,36081020200,0,4020200
1545,36081020400,0,4020400
1546,36081020500,0,4020500
1547,36081020600,0,4020600
1548,36081020800,0,4020800
1549,36081021200,0,4021200
1550,36081021400,1,4021400
1551,36081021600,3,4021600
1552,36081021900,0,4021900
1553,36081022001,3,4022001
1554,36081022002,3,4022002
1555,36081022900,0,4022900
1556,36081023000,0,4023000
1557,36081023200,3,4023200
1558,36081023500,1,4023500
1559,36081023600,0,4023600
1560,36081023800,3,4023800
1561,36081024000,3,4024000
1562,36081024300,3,4024300
1563,36081024500,3,4024500
1564,36081024600,0,4024600
1565,36081024700,0,4024700
1566,36081024900,3,4024900
1567,36081025100,3,4025100
1568,36081025301,3,4025301
1569,36081025302,3,4025302
1570,36081025400,1,4025400
1571,36081025500,0,4025500
1572,36081025700,0,4025700
1573,36081025800,0,4025800
1574,36081025900,3,4025900
1575,36081026000,0,4026000
1576,36081026100,1,4026100
1577,36081026200,0,4026200
1578,36081026300,1,4026300
1579,36081026400,0,4026400
1580,36081026500,3,4026500
1581,36081026600,0,4026600
1582,36081026700,3,4026700
1583,36081026901,3,4026901
1584,36081026902,3,4026902
1585,36081027000,0,4027000
1586,36081027100,1,4027100
1587,36081027200,0,4027200
1588,36081027300,1,4027300
1589,36081027400,0,4027400
1590,36081027500,3,4027500
1591,36081027600,0,4027600
1592,36081027700,1,4027700
1593,36081027800,0,4027800
1594,36081027900,3,4027900
1595,36081028000,0,4028000
1596,36081028100,1,4028100
1597,36081028200,0,4028200
1598,36081028300,1,4028300
1599,36081028400,3,4028400
1600,36081028500,3,4028500
1601,36081028700,1,4028700
1602,36081028800,3,4028800
1603,36081028900,1,4028900
1604,36081029100,1,4029100
1605,36081029300,0,4029300
1606,36081029400,1,4029400
1607,36081029500,3,4029500
1608,36081029700,0,4029700
1609,36081029900,0,4029900
1610,36081030600,3,4030600
1611,36081030902,1,4030902
1612,36081030903,1,4030903
1613,36081030904,3,4030904
1614,36081031700,1,4031700
1615,36081032000,3,4032000
1616,36081032700,3,4032700
1617,36081032800,0,4032800
1618,36081032900,3,4032900
1619,36081033000,3,4033000
1620,36081033100,0,4033100
1621,36081033401,0,4033401
1622,36081033402,1,4033402
1623,36081033700,3,4033700
1624,36081033900,3,4033900
1625,36081034700,3,4034700
1626,36081035100,3,4035100
1627,36081035200,0,4035200
1628,36081035300,0,4035300
1629,36081035700,3,4035700
1630,36081035800,3,4035800
1631,36081036100,0,4036100
1632,36081036300,0,4036300
1633,36081036500,0,4036500
1634,36081036600,0,4036600
1635,36081036700,0,4036700
1636,36081036800,0,4036800
1637,36081037100,0,4037100
1638,36081037300,0,4037300
1639,36081037500,3,4037500
1640,36081037600,3,4037600
1641,36081037700,0,4037700
1642,36081037900,3,4037900
1643,36081038100,3,4038100
1644,36081038301,0,4038301
1645,36081038302,0,4038302
1646,36081038400,0,4038400
1647,36081039400,0,4039400
1648,36081039800,0,4039800
1649,36081039900,0,4039900
1650,36081040000,0,4040000
1651,36081040100,3,4040100
1652,36081040200,0,4040200
1653,36081040300,3,4040300
1654,36081040400,3,4040400
1655,36081040500,0,4040500
1656,36081040700,3,4040700
1657,36081040900,3,4040900
1658,36081041100,0,4041100
1659,36081041300,3,4041300
1660,36081041400,3,4041400
1661,36081041500,3,4041500
1662,36081042400,0,4042400
1663,36081042600,0,4042600
1664,36081042700,3,4042700
1665,36081043200,0,4043200
1666,36081043400,0,4043400
1667,36081043701,0,4043701
1668,36081043702,3,4043702
1669,36081043900,3,4043900
1670,36081044000,3,4044000
1671,36081044301,3,4044301
1672,36081044302,3,4044302
1673,36081044400,3,4044400
1674,36081044601,0,4044601
1675,36081044602,3,4044602
1676,36081044800,0,4044800
1677,36081045000,0,4045000
1678,36081045200,0,4045200
1679,36081045400,3,4045400
1680,36081045500,1,4045500
1681,36081045600,0,4045600
1682,36081045700,3,4045700
1683,36081045800,0,4045800
1684,36081045900,3,4045900
1685,36081046000,1,4046000
1686,36081046100,3,4046100
1687,36081046200,1,4046200
1688,36081046300,3,4046300
1689,36081046400,0,4046400
1690,36081046500,0,4046500
1691,36081046600,0,4046600
1692,36081046700,1,4046700
1693,36081046800,3,4046800
1694,36081046900,1,4046900
1695,36081047000,3,4047000
1696,36081047100,3,4047100
1697,36081047200,0,4047200
1698,36081047300,3,4047300
1699,36081047500,3,4047500
1700,36081047600,0,4047600
1701,36081047800,3,4047800
1702,36081047900,1,4047900
1703,36081048000,0,4048000
1704,36081048100,1,4048100
1705,36081048200,0,4048200
1706,36081048300,3,4048300
1707,36081048400,3,4048400
1708,36081048500,3,4048500
1709,36081048900,0,4048900
1710,36081049200,3,4049200
1711,36081049301,0,4049301
1712,36081049302,3,4049302
1713,36081049500,0,4049500
1714,36081049600,3,4049600
1715,36081049700,3,4049700
1716,36081049900,3,4049900
1717,36081050000,3,4050000
1718,36081050201,0,4050201
1719,36081050202,0,4050202
1720,36081050400,0,4050400
1721,36081050500,0,4050500
1722,36081050600,0,4050600
1723,36081050700,3,4050700
1724,36081050800,0,4050800
1725,36081051000,0,4051000
1726,36081051100,3,4051100
1727,36081051200,0,4051200
1728,36081051300,3,4051300
1729,36081051500,3,4051500
1730,36081051600,0,4051600
1731,36081051700,0,4051700
1732,36081051800,0,4051800
1733,36081052000,0,4052000
1734,36081052100,0,4052100
1735,36081052200,0,4052200
1736,36081052400,0,4052400
1737,36081052500,0,4052500
1738,36081052600,0,4052600
1739,36081052800,0,4052800
1740,36081053000,0,4053000
1741,36081053100,3,4053100
1742,36081053200,0,4053200
1743,36081053401,0,4053401
1744,36081053500,0,4053500
1745,36081053601,0,4053601
1746,36081053800,0,4053800
1747,36081053900,3,4053900
1748,36081054000,3,4054000
1749,36081054200,1,4054200
1750,36081054500,3,4054500
1751,36081054700,3,4054700
1752,36081054800,3,4054800
1753,36081054900,1,4054900
1754,36081055100,1,4055100
1755,36081055200,3,4055200
1756,36081055300,0,4055300
1757,36081055400,0,4055400
1758,36081055500,0,4055500
1759,36081055600,0,4055600
1760,36081055700,3,4055700
1761,36081055800,0,4055800
1762,36081055900,0,4055900
1763,36081056000,4,4056000
1764,36081056100,0,4056100
1765,36081056200,0,4056200
1766,36081056400,0,4056400
1767,36081056500,0,4056500
1768,36081056600,0,4056600
1769,36081056700,1,4056700
1770,36081056800,3,4056800
1771,36081057700,3,4057700
1772,36081057900,0,4057900
1773,36081058000,3,4058000
1774,36081058100,3,4058100
1775,36081058200,3,4058200
1776,36081058300,3,4058300
1777,36081058500,3,4058500
1778,36081058700,3,4058700
1779,36081058900,1,4058900
1780,36081059000,0,4059000
1781,36081059100,1,4059100
1782,36081059200,0,4059200
1783,36081059300,3,4059300
1784,36081059400,0,4059400
1785,36081059500,1,4059500
1786,36081059600,0,4059600
1787,36081059800,0,4059800
1788,36081059900,0,4059900
1789,36081060000,0,4060000
1790,36081060100,3,4060100
1791,36081060300,0,4060300
1792,36081060600,0,4060600
1793,36081060701,0,4060701
1794,36081060800,0,4060800
1795,36081061000,0,4061000
1796,36081061200,0,4061200
1797,36081061301,1,4061301
1798,36081061302,0,4061302
1799,36081061400,0,4061400
1800,36081061601,0,4061601
1801,36081061602,0,4061602
1802,36081061800,0,4061800
1803,36081061900,3,4061900
1804,36081062000,0,4062000
1805,36081062100,3,4062100
1806,36081062200,0,4062200
1807,36081062300,0,4062300
1808,36081062400,0,4062400
1809,36081062500,0,4062500
1810,36081062600,0,4062600
1811,36081062700,3,4062700
1812,36081062900,3,4062900
1813,36081063000,0,4063000
1814,36081063200,0,4063200
1815,36081063301,0,4063301
1816,36081063302,0,4063302
1817,36081063500,3,4063500
1818,36081063700,3,4063700
1819,36081063800,3,4063800
1820,36081063900,3,4063900
1821,36081064101,0,4064101
1822,36081064102,0,4064102
1823,36081064500,0,4064500
1824,36081064600,0,4064600
1825,36081065000,0,4065000
1826,36081065400,0,4065400
1827,36081065501,0,4065501
1828,36081065600,3,4065600
1829,36081065702,0,4065702
1830,36081065703,0,4065703
1831,36081065900,0,4065900
1832,36081066000,3,4066000
1833,36081066100,0,4066100
1834,36081066300,3,4066300
1835,36081066400,1,4066400
1836,36081066501,3,4066501
1837,36081066701,3,4066701
1838,36081066900,0,4066900
1839,36081067100,0,4067100
1840,36081067700,0,4067700
1841,36081067900,3,4067900
1842,36081068000,3,4068000
1843,36081068200,0,4068200
1844,36081068300,3,4068300
1845,36081068700,1,4068700
1846,36081069000,0,4069000
1847,36081069300,3,4069300
1848,36081069400,0,4069400
1849,36081069500,0,4069500
1850,36081069701,3,4069701
1851,36081069702,3,4069702
1852,36081070300,0,4070300
1853,36081070700,0,4070700
1854,36081070900,4,4070900
1855,36081071100,3,4071100
1856,36081071303,3,4071303
1857,36081071304,3,4071304
1858,36081071305,3,4071305
1859,36081071306,3,4071306
1860,36081071600,0,4071600
1861,36081071701,3,4071701
1862,36081071702,3,4071702
1863,36081071900,0,4071900
1864,36081072100,3,4072100
1865,36081072300,0,4072300
1866,36081072900,0,4072900
1867,36081073100,0,4073100
1868,36081073700,0,4073700
1869,36081073900,3,4073900
1870,36081074100,3,4074100
1871,36081074300,3,4074300
1872,36081074500,3,4074500
1873,36081074700,3,4074700
1874,36081074900,0,4074900
1875,36081075701,3,4075701
1876,36081075702,3,4075702
1877,36081076901,3,4076901
1878,36081076902,0,4076902
1879,36081077300,0,4077300
1880,36081077500,0,4077500
1881,36081077902,3,4077902
1882,36081077903,3,4077903
1883,36081077904,1,4077904
1884,36081077905,0,4077905
1885,36081077906,3,4077906
1886,36081077907,0,4077907
1887,36081077908,0,4077908
1888,36081078800,0,4078800
1889,36081079000,0,4079000
1890,36081079200,0,4079200
1891,36081079300,0,4079300
1892,36081079701,1,4079701
1893,36081079702,3,4079702
1894,36081079900,3,4079900
1895,36081080301,3,4080301
1896,36081080302,3,4080302
1897,36081080900,3,4080900
1898,36081081400,3,4081400
1899,36081081800,3,4081800
1900,36081083700,1,4083700
1901,36081083800,1,4083800
1902,36081084000,1,4084000
1903,36081084500,1,4084500
1904,36081084601,3,4084601
1905,36081084602,0,4084602
1906,36081084900,1,4084900
1907,36081085300,3,4085300
1908,36081085500,1,4085500
1909,36081085700,1,4085700
1910,36081085900,1,4085900
1911,36081086100,0,4086100
1912,36081086300,1,4086300
1913,36081086400,3,4086400
1914,36081086500,3,4086500
1915,36081086900,0,4086900
1916,36081087100,0,4087100
1917,36081088400,1,4088400
1918,36081088901,1,4088901
1919,36081089200,1,4089200
1920,36081090700,0,4090700
1921,36081091601,3,4091601
1922,36081091602,0,4091602
1923,36081091800,0,4091800
1924,36081091900,1,4091900
1925,36081092200,0,4092200
1926,36081092500,3,4092500
1927,36081092800,3,4092800
1928,36081092900,1,4092900
1929,36081093401,3,4093401
1930,36081093402,3,4093402
1931,36081093800,3,4093800
1932,36081093900,1,4093900
1933,36081094201,0,4094201
1934,36081094202,3,4094202
1935,36081094203,3,4094203
1936,36081094500,3,4094500
1937,36081094700,0,4094700
1938,36081095400,3,4095400
1939,36081096400,3,4096400
1940,36081097202,0,4097202
1941,36081097203,3,4097203
1942,36081097204,0,4097204
1943,36081097300,3,4097300
1944,36081098100,3,4098100
1945,36081098700,3,4098700
1946,36081099100,1,4099100
1947,36081099200,0,4099200
1948,36081099701,3,4099701
1949,36081099703,3,4099703
1950,36081099704,1,4099704
1951,36081099705,0,4099705
1952,36081099801,1,4099801
1953,36081099802,3,4099802
1954,36081099900,0,4099900
1955,36081100801,0,4100801
1956,36081100802,1,4100802
1957,36081101001,1,4101001
1958,36081101002,3,4101002
1959,36081101700,1,4101700
1960,36081102900,3,4102900
1961,36081103201,1,4103201
1962,36081103202,1,4103202
1963,36081103300,3,4103300
1964,36081103900,1,4103900
1965,36081104700,1,4104700
1966,36081105900,3,4105900
1967,36081107201,3,4107201
1968,36081107202,0,4107202
1969,36081108500,0,4108500
1970,36081109300,3,4109300
1971,36081109700,0,4109700
1972,36081109900,3,4109900
1973,36081111300,0,4111300
1974,36081112300,0,4112300
1975,36081112900,0,4112900
1976,36081113300,0,4113300
1977,36081113900,3,4113900
1978,36081114100,0,4114100
1979,36081114700,0,4114700
1980,36081115100,0,4115100
1981,36081115500,0,4115500
1982,36081115700,0,4115700
1983,36081115900,3,4115900
1984,36081116100,3,4116100
1985,36081116300,1,4116300
1986,36081116700,0,4116700
1987,36081117100,0,4117100
1988,36081117500,3,4117500
1989,36081118100,0,4118100
1990,36081118500,0,4118500
1991,36081118700,0,4118700
1992,36081118900,0,4118900
1993,36081119100,3,4119100
1994,36081119300,0,4119300
1995,36081119500,0,4119500
1996,36081119900,0,4119900
1997,36081120100,0,4120100
1998,36081120300,0,4120300
1999,36081120500,0,4120500
2000,36081120700,0,4120700
2001,36081121100,0,4121100
2002,36081121500,3,4121500
2003,36081122300,3,4122300
2004,36081122701,1,4122701
2005,36081122702,1,4122702
2006,36081124100,3,4124100
2007,36081124700,3,4124700
2008,36081125700,3,4125700
2009,36081126500,0,4126500
2010,36081126700,3,4126700
2011,36081127700,3,4127700
2012,36081128300,0,4128300
2013,36081129102,3,4129102
2014,36081129103,3,4129103
2015,36081129104,3,4129104
2016,36081130100,3,4130100
2017,36081133300,3,4133300
2018,36081133900,0,4133900
2019,36081134100,3,4134100
2020,36081134700,1,4134700
2021,36081136700,3,4136700
2022,36081137700,1,4137700
2023,36081138501,3,4138501
2024,36081138502,0,4138502
2025,36081139900,0,4139900
2026,36081140300,0,4140300
2027,36081140901,0,4140901
2028,36081140902,0,4140902
2029,36081141700,3,4141700
2030,36081142900,3,4142900
2031,36081143500,0,4143500
2032,36081144100,3,4144100
2033,36081144700,3,4144700
2034,36081145101,0,4145101
2035,36081145102,0,4145102
2036,36081145900,3,4145900
2037,36081146300,3,4146300
2038,36081146700,0,4146700
2039,36081147100,3,4147100
2040,36081147900,3,4147900
2041,36081148300,0,4148300
2042,36081150701,0,4150701
2043,36081150702,0,4150702
2044,36081152901,3,4152901
2045,36081152902,3,4152902
2046,36081155101,0,4155101
2047,36081155102,1,4155102
2048,36081156700,0,4156700
2049,36081157101,1,4157101
2050,36081157102,0,4157102
2051,36081157901,3,4157901
2052,36081157902,3,4157902
2053,36081157903,3,4157903
2054,36081161700,3,4161700
2055,36081162100,1,4162100
2056,36081990100,0,4990100
2057,36085000300,0,5000300
2058,36085000600,0,5000600
2059,36085000700,3,5000700
2060,36085000800,3,5000800
2061,36085000900,0,5000900
2062,36085001100,0,5001100
2063,36085001700,0,5001700
2064,36085001800,0,5001800
2065,36085002001,0,5002001
2066,36085002002,3,5002002
2067,36085002100,0,5002100
2068,36085002700,0,5002700
2069,36085002900,3,5002900
2070,36085003300,3,5003300
2071,36085003600,0,5003600
2072,36085003900,0,5003900
2073,36085004000,1,5004000
2074,36085004700,0,5004700
2075,36085005000,3,5005000
2076,36085005900,0,5005900
2077,36085006400,3,5006400
2078,36085006700,0,5006700
2079,36085007000,1,5007000
2080,36085007400,4,5007400
2081,36085007500,0,5007500
2082,36085007700,0,5007700
2083,36085008100,4,5008100
2084,36085008900,0,5008900
2085,36085009601,3,5009601
2086,36085009602,3,5009602
2087,36085009700,3,5009700
2088,36085010500,3,5010500
2089,36085011201,1,5011201
2090,36085011202,1,5011202
2091,36085011401,3,5011401
2092,36085011402,3,5011402
2093,36085012100,3,5012100
2094,36085012200,3,5012200
2095,36085012500,0,5012500
2096,36085012804,4,5012804
2097,36085012805,3,5012805
2098,36085012806,1,5012806
2099,36085013201,0,5013201
2100,36085013203,1,5013203
2101,36085013204,1,5013204
2102,36085013301,0,5013301
2103,36085013302,0,5013302
2104,36085013400,1,5013400
2105,36085013800,1,5013800
2106,36085014100,0,5014100
2107,36085014604,1,5014604
2108,36085014605,3,5014605
2109,36085014606,1,5014606
2110,36085014607,3,5014607
2111,36085014608,3,5014608
2112,36085014700,3,5014700
2113,36085015100,3,5015100
2114,36085015400,0,5015400
2115,36085015601,1,5015601
2116,36085015602,3,5015602
2117,36085015603,3,5015603
2118,36085016901,0,5016901
2119,36085017005,3,5017005
2120,36085017007,3,5017007
2121,36085017008,1,5017008
2122,36085017009,3,5017009
2123,36085017010,1,5017010
2124,36085017011,3,5017011
2125,36085017012,4,5017012
2126,36085017300,0,5017300
2127,36085017600,3,5017600
2128,36085017700,1,5017700
2129,36085018100,3,5018100
2130,36085018701,0,5018701
2131,36085018702,1,5018702
2132,36085018901,1,5018901
2133,36085018902,1,5018902
2134,36085019700,0,5019700
2135,36085019800,1,5019800
2136,36085020100,3,5020100
2137,36085020700,3,5020700
2138,36085020801,1,5020801
2139,36085020803,1,5020803
2140,36085020804,3,5020804
2141,36085021300,3,5021300
2142,36085022300,0,5022300
2143,36085022600,1,5022600
2144,36085022800,0,5022800
2145,36085023100,1,5023100
2146,36085023900,3,5023900
2147,36085024401,1,5024401
2148,36085024402,3,5024402
2149,36085024700,3,5024700
2150,36085024800,3,5024800
2151,36085025100,1,5025100
2152,36085027301,3,5027301
2153,36085027302,3,5027302
2154,36085027702,1,5027702
2155,36085027704,3,5027704
2156,36085027705,3,5027705
2157,36085027706,0,5027706
2158,36085027900,0,5027900
2159,36085029102,0,5029102
2160,36085029103,1,5029103
2161,36085029104,1,5029104
2162,36085030301,1,5030301
2163,36085030302,1,5030302
2164,36085031901,0,5031901
2165,36085031902,3,5031902
2166,36085032300,0,5032300
2167,36085990100,0,5990100
