OBJECTID,zip_1,small_03,small_04,small_05,small_06,small_07,small_08,small_09,small_10,small_11,small_12,Shape_Length,Shape_Area,SS_SEED,SS_GROUP
1,11360,-0.481466663000000,-0.483339028000000,-0.484099929000000,-0.487161373000000,-0.496616564000000,-0.497126207000000,-0.509155467000000,-0.535107324000000,-0.542926784000000,-0.558566666000000,0.098713633271122,0.000393387285851,0,1
2,10009,0.010712275000000,0.016753431000000,0.050785715000000,0.036785237000000,0.044362592000000,0.076235632000000,0.057847516000000,0.076012301000000,0.099058241000000,0.125282534000000,0.052315989484037,0.000170273884226,0,2
3,10162,-0.755837426000000,-0.757979968000000,-0.768490441000000,-0.771754037000000,-0.784637874000000,-0.791782145000000,-0.804098723000000,-0.816120781000000,-0.829285893000000,-0.831771126000000,0.008956998717849,0.000003222074555,0,1
4,11422,-0.552380952000000,-0.562861927000000,-0.568425022000000,-0.578461332000000,-0.545872382000000,-0.552531597000000,-0.570178210000000,-0.580814332000000,-0.586007358000000,-0.608011645000000,0.162934011696676,0.000559066066309,0,1
5,10177,-0.764279603000000,-0.757979968000000,-0.768490441000000,-0.767641426000000,-0.777959119000000,-0.786745291000000,-0.796470881000000,-0.805963668000000,-0.803944379000000,-0.804953511000000,0.002750989173354,0.000000288902492,0,1
6,10466,-0.293206109000000,-0.293139929000000,-0.280727644000000,-0.310319110000000,-0.312950801000000,-0.327552135000000,-0.322697087000000,-0.328579362000000,-0.346952408000000,-0.366653104000000,0.123069695864478,0.000554638083758,0,2
7,11106,-0.016302693000000,-0.029156697000000,-0.020311913000000,-0.017501225000000,-0.019920425000000,-0.020304063000000,-0.011650607000000,0.013376772000000,0.010362941000000,0.020526222000000,0.069944542403470,0.000237466597522,0,2
8,10453,-0.335416995000000,-0.334950938000000,-0.341077956000000,-0.340752430000000,-0.323803778000000,-0.322515281000000,-0.304898787000000,-0.309111562000000,-0.313163722000000,-0.294580762000000,0.073280191271487,0.000252400694476,0,2
9,11366,-0.473868703000000,-0.479239909000000,-0.475006046000000,-0.467420841000000,-0.465727322000000,-0.467744561000000,-0.461693334000000,-0.458082552000000,-0.481262433000000,-0.473923567000000,0.137447867447827,0.000304363272589,0,1
10,11228,-0.215538077000000,-0.199680027000000,-0.184828517000000,-0.200923664000000,-0.177706013000000,-0.169730721000000,-0.167597616000000,-0.173683391000000,-0.140841426000000,-0.146245825000000,0.105676824824470,0.000402525874078,0,2
11,11214,0.403273520000000,0.418467045000000,0.497212682000000,0.491639986000000,0.471802912000000,0.506047142000000,0.517213162000000,0.562707294000000,0.586460029000000,0.620570373000000,0.134175311382824,0.000597631823604,0,4
12,11231,-0.120141474000000,-0.099661535000000,-0.090582824000000,-0.083302997000000,-0.058323267000000,-0.048006758000000,-0.034534136000000,-0.020480271000000,0.002760487000000,0.038963333000000,0.118063401514166,0.000408731699815,0,2
13,10006,-0.108322425000000,-0.116058009000000,-0.119517905000000,-0.120316494000000,-0.133459261000000,-0.157138587000000,-0.177768073000000,-0.178761947000000,-0.193213889000000,-0.200719107000000,0.021477933971930,0.000026640556378,0,2
14,10128,0.594066727000000,0.596368789000000,0.599725542000000,0.560731847000000,0.608717390000000,0.576563093000000,0.570608062000000,0.572864407000000,0.555205495000000,0.505757456000000,0.059498730376103,0.000130126293332,0,4
15,11355,0.437886447000000,0.475854704000000,0.540201946000000,0.547571493000000,0.607882546000000,0.646239568000000,0.679940476000000,0.699828318000000,0.729217225000000,0.780638017000000,0.109187218289639,0.000478531415515,0,4
16,10169,-0.571797960000000,-0.573519635000000,-0.585786071000000,-0.585864031000000,-0.619338688000000,-0.636479158000000,-0.652389405000000,-0.667996218000000,-0.694131151000000,-0.716120159000000,0.004360998165473,0.000001058464070,0,1
17,10103,-0.698430620000000,-0.680916540000000,-0.706486696000000,-0.714177486000000,-0.727868457000000,-0.728821474000000,-0.743923519000000,-0.759410234000000,-0.777758148000000,-0.786516400000000,0.008549486987410,0.000002642222869,0,1
18,11102,-0.252683658000000,-0.243130683000000,-0.253445996000000,-0.249452471000000,-0.261190450000000,-0.258715135000000,-0.257436654000000,-0.272715241000000,-0.284443340000000,-0.282848055000000,0.077132015500820,0.000230656523003,0,2
19,10153,-0.708561233000000,-0.701412133000000,-0.715580578000000,-0.714177486000000,-0.726198768000000,-0.744771511000000,-0.754941514000000,-0.747560269000000,-0.754106068000000,-0.764727087000000,0.005027402551171,0.000001309821267,0,1
20,10154,-0.746551031000000,-0.748142084000000,-0.751129392000000,-0.748723417000000,-0.764601609000000,-0.775832108000000,-0.783757809000000,-0.800885112000000,-0.802254945000000,-0.790706652000000,0.005056376745689,0.000001320456167,0,1
21,10302,-0.491597276000000,-0.475960615000000,-0.494020528000000,-0.486338851000000,-0.489102965000000,-0.486213024000000,-0.500680086000000,-0.509714542000000,-0.509138098000000,-0.514149990000000,0.106119050418694,0.000327953887523,0,1
22,10173,-0.721224499000000,-0.722727549000000,-0.734595060000000,-0.741320717000000,-0.773784897000000,-0.780029486000000,-0.779520119000000,-0.794960129000000,-0.798876076000000,-0.803277410000000,0.005034654679595,0.000001311277769,0,1
23,10040,-0.348924479000000,-0.341509527000000,-0.350998555000000,-0.368718183000000,-0.364711153000000,-0.383797000000000,-0.388805058000000,-0.397986300000000,-0.392567133000000,-0.380899963000000,0.058208374315929,0.000104400879913,0,2
24,11229,0.621925913000000,0.598008436000000,0.612126291000000,0.618308397000000,0.676339785000000,0.706681811000000,0.757913980000000,0.792935186000000,0.777366102000000,0.783990219000000,0.147010670362960,0.000612865764959,0,4
25,11221,-0.436723123000000,-0.431690135000000,-0.427883199000000,-0.442745177000000,-0.418141193000000,-0.405623366000000,-0.370159220000000,-0.360743553000000,-0.368070336000000,-0.375871660000000,0.107030983812650,0.000381674268024,0,1
26,11421,-0.439255776000000,-0.443987490000000,-0.441110665000000,-0.440277610000000,-0.447360746000000,-0.470262988000000,-0.465083487000000,-0.463161108000000,-0.444939596000000,-0.427830790000000,0.079922630743564,0.000355219597452,0,1
27,11416,-0.488220405000000,-0.491537265000000,-0.495673961000000,-0.496209117000000,-0.509974074000000,-0.496286732000000,-0.511698082000000,-0.519025229000000,-0.517585269000000,-0.525044647000000,0.073177138262850,0.000180387815937,0,1
28,10280,-0.662973475000000,-0.652222711000000,-0.657710416000000,-0.656600936000000,-0.655236996000000,-0.659144999000000,-0.669340167000000,-0.692542574000000,-0.687373414000000,-0.711091856000000,0.035385911572541,0.000037311741383,0,1
29,11418,-0.240020392000000,-0.243950507000000,-0.265020028000000,-0.249452471000000,-0.276217649000000,-0.262912513000000,-0.270149725000000,-0.247322459000000,-0.267548997000000,-0.261896793000000,0.115736612959255,0.000454458143925,0,2
30,10017,3.260950542000000,3.255876880000000,3.236951514000000,3.273409899000000,3.175863847000000,3.199084885000000,3.162379547000000,3.132456856000000,3.059791807000000,3.002309866000000,0.069979023761315,0.000086993697235,0,3
31,10119,-0.589526533000000,-0.583357520000000,-0.589092938000000,-0.569413588000000,-0.573422247000000,-0.580234292000000,-0.580348667000000,-0.591817871000000,-0.613883023000000,-0.630639009000000,0.009193613382557,0.000004545252373,0,1
32,11371,-0.725445587000000,-0.726826668000000,-0.733768344000000,-0.725692797000000,-0.738721433000000,-0.739734657000000,-0.761721819000000,-0.773799477000000,-0.782826451000000,-0.793220804000000,0.093058383491031,0.000272841486744,0,1
33,10110,-0.625827895000000,-0.619429763000000,-0.632082201000000,-0.633570316000000,-0.656906685000000,-0.667539755000000,-0.682900776000000,-0.694235426000000,-0.712714928000000,-0.729528966000000,0.008679844885732,0.000002848336939,0,1
34,11209,0.750247008000000,0.709504460000000,0.709678850000000,0.684110170000000,0.678009473000000,0.712558141000000,0.701976466000000,0.702367597000000,0.739353831000000,0.767229209000000,0.128430147194198,0.000589175455539,0,4
35,10025,0.782327282000000,0.743937055000000,0.750187964000000,0.783635350000000,0.785704398000000,0.772160909000000,0.826564566000000,0.842874325000000,0.833117433000000,0.825054693000000,0.082322018200435,0.000206298285857,0,4
36,11206,-0.077930587000000,-0.060309997000000,-0.052553860000000,-0.045466978000000,-0.037452157000000,-0.014427734000000,0.018860764000000,0.026073163000000,0.051754081000000,0.085056110000000,0.096335137325588,0.000390469539599,0,2
37,10455,-0.320221076000000,-0.316094993000000,-0.303048992000000,-0.285643446000000,-0.291244848000000,-0.274665172000000,-0.283710335000000,-0.283718780000000,-0.308940137000000,-0.297932964000000,0.073221429313120,0.000198984112597,0,2
38,11415,-0.460361220000000,-0.457924493000000,-0.457644997000000,-0.449325354000000,-0.464892478000000,-0.471102463000000,-0.478644096000000,-0.492786021000000,-0.499846210000000,-0.505769486000000,0.069702595629502,0.000155993452935,0,1
39,10171,-0.751616337000000,-0.749781731000000,-0.757743125000000,-0.756126116000000,-0.761262232000000,-0.772474206000000,-0.780367657000000,-0.794960129000000,-0.802254945000000,-0.811657914000000,0.005070683998221,0.000001329823193,0,1
40,11364,-0.358210874000000,-0.375122299000000,-0.373319903000000,-0.344865041000000,-0.359702087000000,-0.355254830000000,-0.346428154000000,-0.343815032000000,-0.351175993000000,-0.368329205000000,0.153200135202010,0.000682696282675,0,2
41,10069,-0.747395248000000,-0.748142084000000,-0.750302676000000,-0.744610806000000,-0.751244099000000,-0.749808364000000,-0.757484128000000,-0.763642365000000,-0.771000411000000,-0.773945642000000,0.034633017775433,0.000027828137721,0,1
42,10028,0.830447692000000,0.815261717000000,0.839473357000000,0.819003802000000,0.831620839000000,0.808258360000000,0.800290885000000,0.782778074000000,0.769763648000000,0.706889574000000,0.048394083521493,0.000086916900196,0,4
43,10152,-0.684078918000000,-0.685835482000000,-0.701526396000000,-0.692791910000000,-0.727033612000000,-0.744771511000000,-0.760026743000000,-0.772106625000000,-0.780292299000000,-0.799087157000000,0.005063326839001,0.000001324846370,0,1
44,10018,4.221670321000000,4.115052121000000,4.170314562000000,4.146928423000000,4.434809167000000,4.338253282000000,4.343847648000000,4.289521300000000,4.272805616000000,4.390959529000000,0.076357305840984,0.000090875883605,0,3
45,11412,-0.592059186000000,-0.581717872000000,-0.592399804000000,-0.591621686000000,-0.607650866000000,-0.616331743000000,-0.621878034000000,-0.633292749000000,-0.639224537000000,-0.648238069000000,0.088998716287489,0.000453196177948,0,1
46,11204,0.594066727000000,0.624242794000000,0.662556004000000,0.677529992000000,0.735613735000000,0.704163385000000,0.696043700000000,0.751460309000000,0.789192142000000,0.815836137000000,0.093735348744780,0.000425377953528,0,4
47,10019,2.987423997000000,2.991893648000000,2.999683848000000,3.068601884000000,2.988023863000000,2.977463325000000,2.950495024000000,2.892071851000000,2.868041017000000,2.813748506000000,0.116312985026718,0.000182508899314,0,3
48,10029,-0.154754401000000,-0.151310428000000,-0.150106420000000,-0.140879547000000,-0.121771439000000,-0.089141063000000,-0.082843807000000,-0.002705324000000,-0.020046876000000,-0.013833848000000,0.065045237616276,0.000225480728330,0,2
49,11429,-0.612320411000000,-0.609591878000000,-0.618854735000000,-0.617942395000000,-0.639374953000000,-0.644873914000000,-0.646456638000000,-0.651067697000000,-0.659497748000000,-0.667513230000000,0.082295537681634,0.000350282878726,0,1
50,10279,-0.697586402000000,-0.685015659000000,-0.689952364000000,-0.690324344000000,-0.704492814000000,-0.722105670000000,-0.736295676000000,-0.745867417000000,-0.745658896000000,-0.739585572000000,0.004838994499150,0.000001151478034,0,1
51,10472,-0.408019720000000,-0.407915247000000,-0.404735134000000,-0.413956901000000,-0.425654792000000,-0.412339171000000,-0.412536125000000,-0.414914822000000,-0.414529779000000,-0.405203427000000,0.089071352679001,0.000285681013421,0,1
52,10005,0.101043572000000,0.100375448000000,0.088814679000000,0.123972585000000,0.129516718000000,0.146751582000000,0.144296402000000,0.116640753000000,0.133691643000000,0.093436615000000,0.023524677263298,0.000020047446796,0,2
53,10016,3.991198880000000,3.911735842000000,3.969422427000000,3.925669965000000,3.862105925000000,3.844641626000000,3.811593726000000,3.775740673000000,3.759217596000000,3.830303751000000,0.055223030964436,0.000146777993643,0,3
54,10021,3.735400907000000,3.691203266000000,3.749515810000000,3.615579114000000,2.692488953000000,2.572836083000000,2.479263845000000,2.343587755000000,2.110329744000000,1.797193261000000,0.058882400482603,0.000103931309923,0,3
55,10111,-0.635958508000000,-0.633366765000000,-0.646136383000000,-0.649198237000000,-0.669429350000000,-0.677613462000000,-0.684595852000000,-0.702699687000000,-0.713559645000000,-0.727852865000000,0.003840429780808,0.000000511980644,0,1
56,10112,-0.697586402000000,-0.700592309000000,-0.705659979000000,-0.699372088000000,-0.701988281000000,-0.712871438000000,-0.725277681000000,-0.742481713000000,-0.750727199000000,-0.769755390000000,0.005847766506377,0.000001626646825,0,1
57,10167,-0.713626539000000,-0.703871604000000,-0.717234012000000,-0.709242354000000,-0.712841258000000,-0.706155633000000,-0.726972757000000,-0.738249582000000,-0.743124745000000,-0.757184633000000,0.004664825600077,0.000000905389634,0,1
58,10308,-0.467114961000000,-0.460383964000000,-0.475832763000000,-0.470710930000000,-0.466562167000000,-0.484534073000000,-0.484576863000000,-0.495325299000000,-0.502380361000000,-0.504093385000000,0.113732264031471,0.000547150694148,0,1
59,10474,-0.308402028000000,-0.317734640000000,-0.310489441000000,-0.316899288000000,-0.265364672000000,-0.257036184000000,-0.291338178000000,-0.315882971000000,-0.334281651000000,-0.350730145000000,0.093940532701788,0.000425992064376,0,2
60,11104,-0.361587745000000,-0.356266354000000,-0.364226021000000,-0.367073139000000,-0.365545997000000,-0.371204866000000,-0.377787063000000,-0.386982761000000,-0.395946002000000,-0.383414114000000,0.059851944643096,0.000108861827166,0,2
61,11212,-0.303336721000000,-0.308716579000000,-0.314623024000000,-0.331704686000000,-0.323803778000000,-0.317478428000000,-0.282862797000000,-0.250708163000000,-0.248965220000000,-0.258544591000000,0.087055799961569,0.000430041616288,0,2
62,11226,0.037727242000000,0.060204087000000,0.059052881000000,0.029382538000000,0.058554946000000,0.085469863000000,0.090901502000000,0.100558658000000,0.124399755000000,0.156290402000000,0.078612641579523,0.000352072628600,0,2
63,11236,-0.021367999000000,-0.030796344000000,0.001182719000000,-0.031484101000000,-0.058323267000000,-0.061438368000000,-0.035381674000000,-0.028098106000000,-0.024270461000000,-0.041489514000000,0.143871965908188,0.001001226175242,0,2
64,11351,-0.772721780000000,-0.770277324000000,-0.780891190000000,-0.780801781000000,-0.795490851000000,-0.803534803000000,-0.817659333000000,-0.832202877000000,-0.840267216000000,-0.847694086000000,0.005105982097963,0.000000805313667,0,1
65,11359,-0.774410216000000,-0.771097148000000,-0.781717907000000,-0.780801781000000,-0.792151474000000,-0.800176901000000,-0.810031490000000,-0.824585042000000,-0.832664762000000,-0.840989682000000,0.036702394092356,0.000072898268705,0,1
66,11378,0.015777581000000,0.006915546000000,0.003662869000000,0.014577139000000,0.051041347000000,0.048532937000000,0.062085207000000,0.040462406000000,0.039928041000000,0.069971201000000,0.134876728798560,0.000726948049276,0,2
67,11420,-0.505104759000000,-0.507933739000000,-0.498980828000000,-0.498676683000000,-0.498286253000000,-0.519792049000000,-0.513393158000000,-0.521564507000000,-0.513361684000000,-0.497388981000000,0.100993237143728,0.000575454890649,0,1
68,11424,-0.770189127000000,-0.767817853000000,-0.778411040000000,-0.777511692000000,-0.792986318000000,-0.800176901000000,-0.813421642000000,-0.827124320000000,-0.835198913000000,-0.845179934000000,0.014645614583755,0.000009950645675,0,1
69,11425,-0.776098651000000,-0.771916971000000,-0.784198057000000,-0.783269347000000,-0.796325695000000,-0.804374279000000,-0.817659333000000,-0.830510024000000,-0.838577782000000,-0.846017985000000,0.014130310975506,0.000010597534233,1,1
70,11433,-0.545627210000000,-0.545645629000000,-0.552717407000000,-0.561188366000000,-0.570917714000000,-0.572679012000000,-0.582891281000000,-0.593510724000000,-0.595299246000000,-0.605497494000000,0.122634839600809,0.000428492077697,0,1
71,11451,-0.774410216000000,-0.771097148000000,-0.783371340000000,-0.782446825000000,-0.795490851000000,-0.804374279000000,-0.817659333000000,-0.830510024000000,-0.839422499000000,-0.846017985000000,0.013680118536704,0.000009920024049,0,1
72,10311,-0.765968038000000,-0.757979968000000,-0.771797307000000,-0.771754037000000,-0.782968185000000,-0.795140047000000,-0.806641338000000,-0.818660059000000,-0.827596459000000,-0.834285278000000,0.015514550475255,0.000012923108269,0,1
73,10027,-0.115076167000000,-0.119337304000000,-0.101330140000000,-0.109623706000000,-0.085873131000000,-0.079067355000000,-0.065893045000000,-0.073805114000000,-0.070729904000000,-0.083392038000000,0.100619707773493,0.000242132536220,0,2
74,10199,-0.775254434000000,-0.771097148000000,-0.782544623000000,-0.781624303000000,-0.794656007000000,-0.802695328000000,-0.815964257000000,-0.828817172000000,-0.830130610000000,-0.838475530000000,0.016993630222382,0.000007115357816,0,1
75,10002,1.203591930000000,1.271903520000000,1.381799451000000,1.378318865000000,1.399315014000000,1.405125515000000,1.486796739000000,1.552179375000000,1.567176625000000,1.578462084000000,0.065292237550921,0.000234425988193,0,4
76,10470,-0.553225170000000,-0.545645629000000,-0.553544124000000,-0.557075756000000,-0.566743492000000,-0.579394817000000,-0.582891281000000,-0.598589280000000,-0.609659437000000,-0.612201898000000,0.129013305369241,0.000398456683594,0,1
77,11201,1.039813690000000,1.034974470000000,1.062686841000000,1.083033413000000,1.101275572000000,1.132295944000000,1.174902722000000,1.205144685000000,1.296022424000000,1.401633430000000,0.101976447091775,0.000395172267395,0,4
78,10456,-0.369185705000000,-0.384140360000000,-0.389854236000000,-0.391748803000000,-0.379738352000000,-0.367007488000000,-0.371006758000000,-0.355664997000000,-0.359623165000000,-0.352406246000000,0.087503544702312,0.000280891683666,0,2
79,10165,-0.371718358000000,-0.388239478000000,-0.397294685000000,-0.400796547000000,-0.424819948000000,-0.448436622000000,-0.465931025000000,-0.506328838000000,-0.522653572000000,-0.544319808000000,0.005128820373821,0.000001392379433,0,1
80,10012,1.505821878000000,1.493255919000000,1.558716804000000,1.551048516000000,1.528715893000000,1.538602137000000,1.518155649000000,1.541175836000000,1.528319637000000,1.508903893000000,0.036586531581059,0.000084619079381,0,4
81,10033,-0.003639427000000,-0.005381809000000,-0.021138629000000,-0.024081402000000,-0.004893227000000,-0.027019868000000,-0.016735836000000,-0.001858897000000,-0.009910270000000,-0.016347999000000,0.075620142418009,0.000163557804419,0,2
82,11239,-0.717003410000000,-0.714529312000000,-0.727154611000000,-0.728982885000000,-0.742895655000000,-0.754005743000000,-0.769349662000000,-0.779724460000000,-0.787050036000000,-0.798249107000000,0.071987041945147,0.000163916792371,0,1
83,10282,-0.642712250000000,-0.632546942000000,-0.636215784000000,-0.628635183000000,-0.615164466000000,-0.643194963000000,-0.676968010000000,-0.684078313000000,-0.699199454000000,-0.723662613000000,0.020911816860160,0.000021784175166,0,1
84,10168,-0.653687080000000,-0.648943416000000,-0.662670716000000,-0.662358591000000,-0.657741529000000,-0.659144999000000,-0.661712324000000,-0.676460479000000,-0.700888888000000,-0.694330846000000,0.005168538095442,0.000001408751073,0,1
85,10462,0.014933363000000,0.015113783000000,0.014410185000000,-0.005985915000000,-0.014911359000000,-0.020304063000000,0.006147693000000,0.004912511000000,0.001915770000000,-0.012995797000000,0.122013986567892,0.000415176870628,0,2
86,10278,-0.772721780000000,-0.768637676000000,-0.780064474000000,-0.779979258000000,-0.792151474000000,-0.800176901000000,-0.810879028000000,-0.823738616000000,-0.832664762000000,-0.840151631000000,0.008082553277603,0.000003577603563,0,1
87,10003,2.167688579000000,2.149934705000000,2.239931288000000,2.243612167000000,2.392779822000000,2.416693620000000,2.454685241000000,2.464626684000000,2.476092265000000,2.477690260000000,0.056382851694727,0.000156138522629,0,3
88,11233,-0.541406122000000,-0.536627569000000,-0.551063974000000,-0.545560446000000,-0.545872382000000,-0.544976317000000,-0.535429148000000,-0.533414472000000,-0.520119421000000,-0.499065082000000,0.095408849358231,0.000367465733635,0,1
89,10020,-0.235799303000000,-0.218535972000000,-0.250965846000000,-0.242872294000000,-0.295419070000000,-0.302367867000000,-0.282015259000000,-0.310804415000000,-0.310629571000000,-0.313855923000000,0.017834468299182,0.000006015117796,0,2
90,10044,-0.733043547000000,-0.727646491000000,-0.733768344000000,-0.731450452000000,-0.734547212000000,-0.737216230000000,-0.743075981000000,-0.757717382000000,-0.755795502000000,-0.769755390000000,0.064431352677420,0.000061740645162,0,1
91,10039,-0.671415653000000,-0.663700242000000,-0.670111165000000,-0.664826157000000,-0.673603572000000,-0.680131889000000,-0.687986005000000,-0.682385461000000,-0.684839263000000,-0.689302543000000,0.075006225038501,0.000121184595238,1,1
92,11109,-0.770189127000000,-0.763718734000000,-0.776757607000000,-0.772576559000000,-0.781298497000000,-0.784226864000000,-0.796470881000000,-0.804270816000000,-0.812391550000000,-0.810819864000000,0.018994805542644,0.000015894230612,0,1
93,11411,-0.678169394000000,-0.675997598000000,-0.680031764000000,-0.680454078000000,-0.692804993000000,-0.702797731000000,-0.712564609000000,-0.718781783000000,-0.729609271000000,-0.740423623000000,0.077407542437702,0.000326936717622,0,1
94,11220,0.588157203000000,0.609485968000000,0.610472857000000,0.617485875000000,0.737283424000000,0.802382031000000,0.896062689000000,0.968991810000000,1.067948797000000,1.112506011000000,0.127737199218879,0.000489094129174,0,4
95,10026,-0.564200001000000,-0.556303337000000,-0.548583824000000,-0.549673056000000,-0.528340651000000,-0.522310475000000,-0.517630848000000,-0.504635986000000,-0.493088472000000,-0.472247466000000,0.044911301597646,0.000092780820957,0,1
96,10007,0.520619785000000,0.514386418000000,0.251677851000000,0.224320287000000,0.218845066000000,0.235735997000000,0.196843763000000,0.231754699000000,0.248573174000000,0.253504259000000,0.043234271841793,0.000042588347725,0,2
97,10170,-0.532963944000000,-0.532528450000000,-0.553544124000000,-0.549673056000000,-0.553385982000000,-0.565963207000000,-0.571873286000000,-0.581660758000000,-0.596143963000000,-0.617230201000000,0.007057929953402,0.000002656552033,0,1
98,11210,-0.093970724000000,-0.095562416000000,-0.071568342000000,-0.062739943000000,-0.070011088000000,-0.058919941000000,-0.054875050000000,-0.010323158000000,0.012052376000000,-0.025566555000000,0.106274700755618,0.000447726463400,0,2
99,10024,0.853241571000000,0.829198720000000,0.817152009000000,0.811601103000000,0.815758795000000,0.798184653000000,0.807071190000000,0.813249412000000,0.765540062000000,0.748792098000000,0.116889282489536,0.000236409965573,0,4
100,10172,-0.749083684000000,-0.745682613000000,-0.757743125000000,-0.748723417000000,-0.761262232000000,-0.770795255000000,-0.782062733000000,-0.790727999000000,-0.801410228000000,-0.801601309000000,0.005063219447299,0.000001323880803,0,1
101,11238,-0.278854407000000,-0.261986628000000,-0.265846745000000,-0.243694816000000,-0.253676851000000,-0.226815062000000,-0.193023759000000,-0.175376243000000,-0.130704821000000,-0.072497382000000,0.090367616041753,0.000305615417385,0,2
102,11417,-0.490753058000000,-0.489897617000000,-0.489886945000000,-0.491273984000000,-0.493277187000000,-0.497126207000000,-0.507460391000000,-0.508868116000000,-0.515895835000000,-0.525882697000000,0.089837345933857,0.000305029375749,0,1
103,11005,-0.753304772000000,-0.749781731000000,-0.761049992000000,-0.763528815000000,-0.767940987000000,-0.780029486000000,-0.793928266000000,-0.805963668000000,-0.815770419000000,-0.823390621000000,0.032803455235182,0.000046719524174,0,1
104,11427,-0.608943540000000,-0.599753994000000,-0.603147120000000,-0.608072129000000,-0.622678065000000,-0.626405450000000,-0.641371410000000,-0.640910584000000,-0.640069254000000,-0.652428321000000,0.132537877046938,0.000433965278229,0,1
105,11218,0.256379635000000,0.267619484000000,0.295493831000000,0.286831971000000,0.330714213000000,0.346546777000000,0.396862753000000,0.393422079000000,0.424274339000000,0.473911537000000,0.100920067641748,0.000394288544146,0,2
106,11369,-0.605566669000000,-0.600573817000000,-0.596533387000000,-0.584218987000000,-0.599302423000000,-0.591147475000000,-0.598146967000000,-0.610439245000000,-0.613038306000000,-0.608849696000000,0.092995848559705,0.000300102861082,0,1
107,10458,0.041104113000000,0.013474136000000,0.018543768000000,0.020334794000000,-0.020755270000000,0.003201254000000,0.004452616000000,0.014223198000000,0.000226336000000,-0.008805545000000,0.085509214293778,0.000275773104165,0,2
108,10461,0.187997998000000,0.185637114000000,0.182233656000000,0.175791480000000,0.189625513000000,0.192922741000000,0.168027468000000,0.163194187000000,0.142138815000000,0.147909897000000,0.155619960659607,0.000659902331586,0,2
109,10465,-0.413085027000000,-0.395617892000000,-0.406388568000000,-0.419714557000000,-0.428159325000000,-0.427449732000000,-0.441352420000000,-0.435229048000000,-0.450007898000000,-0.447944002000000,0.241798753182393,0.000953345835126,0,1
110,11225,-0.373406793000000,-0.380861065000000,-0.389027519000000,-0.383523582000000,-0.378068663000000,-0.376241720000000,-0.369311682000000,-0.351432866000000,-0.344418256000000,-0.333131085000000,0.079728301799016,0.000246553209912,0,2
111,10304,-0.308402028000000,-0.293959753000000,-0.289821526000000,-0.284820924000000,-0.309611424000000,-0.296491537000000,-0.293033254000000,-0.297261597000000,-0.306405985000000,-0.323912529000000,0.243198105445408,0.001075368471017,0,2
112,10010,1.616414401000000,1.576877937000000,1.576077853000000,1.551871038000000,1.498661495000000,1.538602137000000,1.501204887000000,1.520015184000000,1.536766808000000,1.534883458000000,0.069430374997759,0.000109345379487,0,4
113,10001,4.884381240000000,4.948812826000000,4.932547273000000,4.987546061000000,5.146931420000000,5.093781327000000,5.027810888000000,4.954812195000000,4.908032903000000,4.856077551000000,0.090701438649509,0.000169099113698,0,3
114,10032,-0.193588416000000,-0.203779145000000,-0.208803299000000,-0.209971408000000,-0.221952764000000,-0.244444050000000,-0.219297440000000,-0.223622529000000,-0.211797666000000,-0.188148350000000,0.064545255068054,0.000180321209569,0,2
115,10464,-0.652842862000000,-0.645664121000000,-0.660190566000000,-0.661536069000000,-0.672768728000000,-0.683489792000000,-0.697308924000000,-0.713703226000000,-0.727919837000000,-0.734557269000000,0.297728401414166,0.000960446836993,0,1
116,11414,-0.413929244000000,-0.409554895000000,-0.411348867000000,-0.414779424000000,-0.418976037000000,-0.437523439000000,-0.459150720000000,-0.469932517000000,-0.477883564000000,-0.490684577000000,0.147176539893337,0.000660615409811,0,1
117,11203,-0.223980255000000,-0.222635090000000,-0.208803299000000,-0.206681320000000,-0.210264943000000,-0.225975587000000,-0.215059749000000,-0.182147651000000,-0.181387849000000,-0.165520987000000,0.100662428600110,0.000592458221129,0,2
118,10473,-0.505948977000000,-0.510393210000000,-0.521302176000000,-0.520884781000000,-0.547542071000000,-0.550852646000000,-0.565092981000000,-0.573196498000000,-0.572491883000000,-0.566947171000000,0.137421749396671,0.000604823411937,0,1
119,11357,-0.063578886000000,-0.058670350000000,-0.055860727000000,-0.043821934000000,-0.044130912000000,-0.039612002000000,-0.059112741000000,-0.078883670000000,-0.064816884000000,-0.095962796000000,0.139151329210836,0.000779051447666,0,2
120,11374,0.052078944000000,0.058564440000000,0.091294829000000,0.078733867000000,0.068573079000000,0.051890839000000,0.073103202000000,0.061623058000000,0.062735404000000,0.027230626000000,0.095171751138864,0.000258149810227,0,2
121,10467,0.026752412000000,0.031510257000000,0.053265865000000,0.027737493000000,0.010133972000000,0.032582900000000,0.023945993000000,0.034537424000000,0.019654830000000,0.015497919000000,0.209378745044259,0.000641020271955,0,2
122,11208,-0.229045561000000,-0.218535972000000,-0.234431514000000,-0.254387604000000,-0.252007162000000,-0.261233562000000,-0.237095740000000,-0.227008233000000,-0.198282192000000,-0.179767845000000,0.190078530085146,0.000945805441154,0,2
123,10030,-0.603034016000000,-0.601393641000000,-0.604800553000000,-0.601491952000000,-0.621008376000000,-0.628084402000000,-0.630353415000000,-0.639217732000000,-0.636690386000000,-0.631477059000000,0.038115749871783,0.000072382608841,0,1
124,11216,-0.332884342000000,-0.346428470000000,-0.351825272000000,-0.358847917000000,-0.358032398000000,-0.356094305000000,-0.352360920000000,-0.334504345000000,-0.318232025000000,-0.297932964000000,0.091434106352019,0.000260216191996,0,2
125,11105,-0.075397934000000,-0.084904708000000,-0.058340877000000,-0.069320120000000,-0.080864065000000,-0.078227880000000,-0.080301193000000,-0.090733635000000,-0.080866509000000,-0.067469079000000,0.108176137268642,0.000453526256810,0,2
126,10035,-0.394512236000000,-0.403816129000000,-0.404735134000000,-0.404086636000000,-0.397270083000000,-0.394710183000000,-0.400670592000000,-0.386982761000000,-0.366380902000000,-0.369167256000000,0.122275477479190,0.000384955931180,0,1
127,10034,-0.326974818000000,-0.339050056000000,-0.348518405000000,-0.346510085000000,-0.356362709000000,-0.356933781000000,-0.351513382000000,-0.354818571000000,-0.350331276000000,-0.351568195000000,0.131959431619688,0.000304140853833,0,2
128,11232,0.119616362000000,0.080699680000000,0.084681096000000,0.089426655000000,0.118663741000000,0.098901473000000,0.128193178000000,0.117487179000000,0.115107866000000,0.159642604000000,0.151446773127090,0.000357269829268,0,2
129,10312,-0.099036030000000,-0.109499419000000,-0.090582824000000,-0.128541715000000,-0.111753307000000,-0.113485855000000,-0.126915788000000,-0.138133495000000,-0.128170669000000,-0.139541421000000,0.241060441061334,0.002111075058443,0,2
130,11356,-0.273789101000000,-0.280842573000000,-0.269153611000000,-0.256032649000000,-0.243658718000000,-0.255357233000000,-0.260826806000000,-0.268483111000000,-0.269238431000000,-0.258544591000000,0.116702217948324,0.000431840242815,0,2
131,11379,-0.384381624000000,-0.359545649000000,-0.378280203000000,-0.376120883000000,-0.364711153000000,-0.372044342000000,-0.387957520000000,-0.388675614000000,-0.385809396000000,-0.362462852000000,0.114968360996568,0.000572508533425,0,2
132,11368,0.170269426000000,0.158582931000000,0.183060372000000,0.167566259000000,0.167919559000000,0.202996448000000,0.203624068000000,0.224136864000000,0.210560903000000,0.233391047000000,0.138337562755777,0.000739449964482,0,2
133,11004,-0.592903403000000,-0.595654875000000,-0.603973837000000,-0.603136996000000,-0.603476644000000,-0.621368597000000,-0.627810800000000,-0.643449862000000,-0.657808314000000,-0.650752220000000,0.088788281277961,0.000260799004907,0,1
134,10314,0.594066727000000,0.594729141000000,0.658422421000000,0.681642603000000,0.693871516000000,0.687373873000000,0.661294638000000,0.644810623000000,0.629540603000000,0.616380121000000,0.442696751233725,0.003859098777366,0,4
135,10174,-0.683234701000000,-0.685835482000000,-0.695739380000000,-0.693614433000000,-0.706997347000000,-0.709513535000000,-0.724430143000000,-0.743328139000000,-0.744814179000000,-0.751318279000000,0.005139471345975,0.000001410075284,0,1
136,11101,1.246647034000000,1.183362560000000,1.186694332000000,1.171043283000000,1.241529427000000,1.260735711000000,1.247790997000000,1.299944405000000,1.317985070000000,1.352188451000000,0.173390146313186,0.000751054616778,0,4
137,10459,-0.366653051000000,-0.377581770000000,-0.384893936000000,-0.374475838000000,-0.385582262000000,-0.394710183000000,-0.376091987000000,-0.383597057000000,-0.380741093000000,-0.382576063000000,0.073491997583190,0.000230498533661,0,1
138,10031,-0.304180939000000,-0.295599400000000,-0.289821526000000,-0.273305614000000,-0.289575159000000,-0.275504647000000,-0.264216959000000,-0.274408093000000,-0.282753905000000,-0.282848055000000,0.065588567937474,0.000180696612728,0,2
139,10013,3.187503599000000,3.848609417000000,3.145185971000000,3.175529764000000,3.238477176000000,3.301500909000000,3.271711961000000,3.310206332000000,3.402746964000000,3.478322545000000,0.063444217268731,0.000156606488456,0,3
140,11423,-0.511014283000000,-0.502194973000000,-0.513035010000000,-0.513482082000000,-0.519157362000000,-0.534063134000000,-0.537971763000000,-0.537646603000000,-0.548839804000000,-0.564433020000000,0.123908330095156,0.000395984969864,0,1
141,10307,-0.597124492000000,-0.580078225000000,-0.576692189000000,-0.573526199000000,-0.582605535000000,-0.589468524000000,-0.610860038000000,-0.618903506000000,-0.622330194000000,-0.625610706000000,0.120210305807440,0.000505099205112,0,1
142,11234,0.546790534000000,0.500449415000000,0.526974480000000,0.517960695000000,0.501857310000000,0.538786690000000,0.549419610000000,0.582175094000000,0.582236443000000,0.611351818000000,0.284772995353784,0.002317205417534,0,4
143,10471,-0.484843534000000,-0.482519204000000,-0.482446495000000,-0.473178496000000,-0.481589366000000,-0.482855122000000,-0.495594858000000,-0.514793099000000,-0.510827532000000,-0.510797788000000,0.127057851445081,0.000714264137284,0,1
144,10451,-0.217226513000000,-0.214436853000000,-0.222030765000000,-0.223954285000000,-0.224457298000000,-0.216741355000000,-0.203194216000000,-0.189765486000000,-0.190679737000000,-0.198204956000000,0.090228616747707,0.000283077727179,0,2
145,11419,-0.286452367000000,-0.292320105000000,-0.280727644000000,-0.264257870000000,-0.273713116000000,-0.274665172000000,-0.282015259000000,-0.260018850000000,-0.274306734000000,-0.265248995000000,0.075274760653355,0.000311606830520,0,2
146,10469,-0.281387060000000,-0.285761516000000,-0.301395559000000,-0.296336234000000,-0.304602358000000,-0.301528391000000,-0.324392163000000,-0.325193658000000,-0.330058065000000,-0.323912529000000,0.160382760191036,0.000691493527138,0,2
147,11215,0.496137471000000,0.500449415000000,0.541028663000000,0.579649856000000,0.642111165000000,0.667226458000000,0.711299385000000,0.754846013000000,0.812844222000000,0.844329854000000,0.125408839906701,0.000608482203264,0,4
148,11219,1.065984439000000,1.057929533000000,1.116423420000000,1.106064033000000,1.159714678000000,1.162517065000000,1.250333612000000,1.310101518000000,1.353463190000000,1.364759209000000,0.097154052114401,0.000407127421501,0,4
149,11222,0.230208885000000,0.230727417000000,0.235143518000000,0.233368031000000,0.255578219000000,0.260080789000000,0.283292649000000,0.290158098000000,0.325442434000000,0.382564034000000,0.103877350639741,0.000439566982169,0,2
150,11237,-0.188523110000000,-0.180824082000000,-0.210456732000000,-0.219019152000000,-0.189393834000000,-0.157978062000000,-0.140476397000000,-0.126283530000000,-0.111276326000000,-0.084230089000000,0.100554980344342,0.000275386349124,0,2
151,11358,0.031817718000000,0.055285145000000,0.076413930000000,0.073798734000000,0.121168274000000,0.145072631000000,0.150229168000000,0.140340683000000,0.167480329000000,0.161318705000000,0.097707554946937,0.000536274542079,0,2
152,11361,-0.041629225000000,-0.023417931000000,0.011103318000000,0.008819484000000,0.008464283000000,0.014953912000000,0.006995231000000,0.004912511000000,-0.000618381000000,-0.012157747000000,0.113258923869920,0.000488528678456,0,2
153,11365,-0.306713592000000,-0.302157990000000,-0.304702425000000,-0.307851544000000,-0.304602358000000,-0.313281050000000,-0.310831554000000,-0.311650841000000,-0.292045794000000,-0.298771014000000,0.133895996936687,0.000696489505077,0,2
154,10004,0.166892555000000,0.161862226000000,0.134284093000000,0.166743737000000,0.218010222000000,0.217267533000000,0.231592825000000,0.231754699000000,0.224921094000000,0.231714946000000,0.136414095496614,0.000184522834113,0,2
155,10011,2.203145724000000,2.141736468000000,2.188674858000000,2.182745528000000,2.200765616000000,2.265588011000000,2.230935184000000,2.240323774000000,2.231124295000000,2.178506235000000,0.089261958814491,0.000179617878655,0,3
156,10014,1.065984439000000,0.974307516000000,1.001509812000000,1.009828941000000,0.973544382000000,0.984548237000000,0.990139417000000,0.970684662000000,0.990234821000000,1.112506011000000,0.086806588767804,0.000151299886066,0,4
157,10022,4.368564206000000,4.274917743000000,4.314989968000000,4.380524714000000,4.432304634000000,4.414645562000000,4.366731176000000,4.341153291000000,4.271116181000000,4.130325826000000,0.059169690836903,0.000126282251360,0,3
158,10036,4.142313854000000,3.969123502000000,4.030599456000000,4.011212268000000,3.973140227000000,3.916836528000000,3.877701697000000,3.851919020000000,3.863962521000000,3.874720427000000,0.068033054265792,0.000123243998246,0,3
159,10271,-0.710249668000000,-0.705511251000000,-0.714753862000000,-0.714177486000000,-0.733712367000000,-0.747289938000000,-0.762569357000000,-0.776338756000000,-0.784515885000000,-0.786516400000000,0.003834889903130,0.000000780163604,0,1
160,10303,-0.511014283000000,-0.512032857000000,-0.517995309000000,-0.515127126000000,-0.514983141000000,-0.513915719000000,-0.528648844000000,-0.523257359000000,-0.518429987000000,-0.543481758000000,0.178707119637012,0.000868043369688,0,1
161,10305,-0.168261884000000,-0.177544787000000,-0.179041501000000,-0.155684946000000,-0.150990992000000,-0.148743831000000,-0.167597616000000,-0.173683391000000,-0.161959355000000,-0.162168785000000,0.180760827680633,0.001154982022536,0,2
162,10306,0.023375541000000,0.016753431000000,0.044171982000000,0.035140193000000,0.048536813000000,0.036780278000000,0.047677059000000,0.044694537000000,0.050909364000000,0.065780949000000,0.310707531056220,0.002085371030688,1,2
163,10310,-0.420682986000000,-0.418572955000000,-0.418789317000000,-0.416424468000000,-0.414801815000000,-0.427449732000000,-0.437114730000000,-0.435229048000000,-0.455076201000000,-0.444591800000000,0.103993061914613,0.000473807104982,0,1
164,10460,-0.401265978000000,-0.421032426000000,-0.422922900000000,-0.438632566000000,-0.437342614000000,-0.432486586000000,-0.427791811000000,-0.431843343000000,-0.426355819000000,-0.420288336000000,0.123988402931313,0.000368276617167,0,1
165,10468,-0.176704062000000,-0.170166373000000,-0.183175084000000,-0.187763310000000,-0.182715079000000,-0.204988696000000,-0.187090992000000,-0.192304764000000,-0.189835020000000,-0.177253693000000,0.125177809927988,0.000302416551132,0,2
166,11103,0.090068742000000,0.070041971000000,0.068146764000000,0.056525769000000,0.101132009000000,0.114012034000000,0.101071959000000,0.093787249000000,0.087232201000000,0.093436615000000,0.065802168721570,0.000193133735680,0,2
167,11207,-0.192744199000000,-0.207058440000000,-0.206323149000000,-0.194343487000000,-0.171027258000000,-0.169730721000000,-0.147256702000000,-0.100890748000000,-0.090158398000000,-0.070821281000000,0.150044789899877,0.000741347523108,0,2
168,11211,0.955391917000000,0.979226458000000,1.093275355000000,1.123336998000000,1.162219212000000,1.273327845000000,1.357970949000000,1.443836838000000,1.454829246000000,1.359730906000000,0.211630636524253,0.000658084261903,0,4
169,11434,-0.077930587000000,-0.089823651000000,-0.092236257000000,-0.089060652000000,-0.054983889000000,-0.067314697000000,-0.078606117000000,-0.062801575000000,-0.067351035000000,-0.069145180000000,0.169684570756183,0.000908078990113,0,2
170,11435,-0.191055763000000,-0.194761085000000,-0.173254485000000,-0.151572335000000,-0.161843969000000,-0.155459636000000,-0.156579621000000,-0.153369165000000,-0.155201618000000,-0.156302431000000,0.113793163707189,0.000417695742364,0,2
171,11691,-0.443476865000000,-0.441528019000000,-0.439457232000000,-0.449325354000000,-0.448195590000000,-0.452634000000000,-0.452370415000000,-0.444539734000000,-0.456765636000000,-0.466381113000000,0.191793958892439,0.000791889112266,0,1
172,11367,-0.326130600000000,-0.325932877000000,-0.334464223000000,-0.347332607000000,-0.332152222000000,-0.330910037000000,-0.337105235000000,-0.348047162000000,-0.340194671000000,-0.338997438000000,0.114825337362682,0.000708093919474,0,2
173,11370,-0.573486396000000,-0.550564571000000,-0.553544124000000,-0.551318101000000,-0.571752558000000,-0.582752719000000,-0.590519124000000,-0.590125019000000,-0.597833397000000,-0.609687746000000,0.135333695178864,0.000402810323223,0,1
174,11373,0.334891884000000,0.356160444000000,0.361631159000000,0.365794097000000,0.355759544000000,0.380965276000000,0.373131686000000,0.399347062000000,0.405690562000000,0.422790458000000,0.092078037234511,0.000419026538022,0,4
175,11375,0.833824563000000,0.830018544000000,0.874195455000000,0.860952432000000,0.887555412000000,0.863663750000000,0.884197156000000,0.873345664000000,0.898160653000000,0.856900611000000,0.114481927348730,0.000544835699074,0,4
176,11385,0.465745632000000,0.466836644000000,0.522840897000000,0.530298527000000,0.545269217000000,0.543823544000000,0.579083443000000,0.601642894000000,0.622782866000000,0.644035787000000,0.195185255376545,0.001010066526031,0,4
177,11693,-0.696742184000000,-0.697313014000000,-0.706486696000000,-0.701017132000000,-0.708667036000000,-0.704476682000000,-0.711717071000000,-0.724706765000000,-0.734677574000000,-0.742937774000000,0.157941893762223,0.000275462233532,0,1
178,11694,-0.529587074000000,-0.530888803000000,-0.527915909000000,-0.529932525000000,-0.526670962000000,-0.537421036000000,-0.555770062000000,-0.560500107000000,-0.571647166000000,-0.581194030000000,0.127730824703580,0.000379914693845,0,1
179,11413,-0.468803397000000,-0.471861496000000,-0.469219030000000,-0.463308230000000,-0.463222789000000,-0.465226134000000,-0.469321177000000,-0.478396777000000,-0.488864887000000,-0.473923567000000,0.159190441786302,0.000863391616684,0,1
180,11428,-0.565888436000000,-0.564501574000000,-0.566771589000000,-0.571058632000000,-0.556725359000000,-0.570160585000000,-0.576110977000000,-0.575735776000000,-0.594454529000000,-0.598793090000000,0.074782587817135,0.000231963722515,0,1
181,11432,0.193907523000000,0.181537995000000,0.213648887000000,0.187306791000000,0.191295202000000,0.178651655000000,0.176502849000000,0.162347761000000,0.153964855000000,0.177241664000000,0.120255332677597,0.000591791849777,0,2
182,10038,0.966366747000000,0.868550258000000,0.837819924000000,0.824761457000000,0.748971245000000,0.755371397000000,0.835039947000000,0.754846013000000,0.742732699000000,0.668339251000000,0.057729931097432,0.000081974391573,0,4
183,10475,-0.543094557000000,-0.534168097000000,-0.529569342000000,-0.535690180000000,-0.530845184000000,-0.537421036000000,-0.544752067000000,-0.555421550000000,-0.558976409000000,-0.566947171000000,0.135394053005245,0.000507631638262,0,1
184,11230,0.770508233000000,0.771811061000000,0.778296328000000,0.772120040000000,0.784869553000000,0.799863604000000,0.829107180000000,0.847106455000000,0.858458947000000,0.781476067000000,0.097777528531942,0.000520487114357,0,4
185,10037,-0.643556467000000,-0.646483945000000,-0.659363849000000,-0.651665803000000,-0.651062774000000,-0.656626572000000,-0.657474634000000,-0.662917662000000,-0.665410768000000,-0.678407887000000,0.040820955413616,0.000074619875493,0,1
186,11363,-0.629204766000000,-0.635826237000000,-0.640349367000000,-0.645908148000000,-0.648558241000000,-0.665021328000000,-0.676120472000000,-0.696774705000000,-0.705957191000000,-0.700197199000000,0.067231291127373,0.000245768422453,0,1
187,11362,-0.453607478000000,-0.459564140000000,-0.456818281000000,-0.451792920000000,-0.452369812000000,-0.460189281000000,-0.464235949000000,-0.469086091000000,-0.468591675000000,-0.457162557000000,0.152145616965832,0.000700342341721,0,1
188,11223,0.560298018000000,0.552918132000000,0.569963744000000,0.568957068000000,0.665486808000000,0.709200238000000,0.743505833000000,0.792088760000000,0.817912525000000,0.835949349000000,0.105475119785919,0.000572471073030,0,4
189,11217,-0.093970724000000,-0.064409116000000,-0.047593561000000,-0.042176889000000,0.010133972000000,0.026706571000000,0.039201678000000,0.073473023000000,0.099058241000000,0.149585998000000,0.065332804660631,0.000202267766896,1,2
190,10452,-0.267879577000000,-0.269365041000000,-0.263366595000000,-0.263435348000000,-0.279557026000000,-0.286417830000000,-0.285405411000000,-0.269329537000000,-0.259101825000000,-0.260220692000000,0.070307998214700,0.000270356229727,0,2
191,10463,0.014933363000000,0.005275899000000,0.003662869000000,-0.002695826000000,0.016812727000000,0.013274961000000,0.017165688000000,0.008298215000000,0.012897093000000,0.015497919000000,0.133290197788172,0.000439320187775,0,2
192,11377,0.399896649000000,0.377475860000000,0.388086091000000,0.374841841000000,0.403345673000000,0.375928423000000,0.375674301000000,0.392575653000000,0.421740187000000,0.450446124000000,0.153163143450247,0.000703384627812,0,4
193,10023,1.026306206000000,1.009559935000000,1.009776978000000,0.968702834000000,0.960186872000000,0.962721871000000,0.956237894000000,0.960527549000000,0.967427458000000,0.961656923000000,0.046628539366354,0.000135344325511,0,4
194,11213,-0.303336721000000,-0.315275169000000,-0.334464223000000,-0.330059642000000,-0.339665822000000,-0.316638952000000,-0.300661097000000,-0.268483111000000,-0.279375037000000,-0.245135783000000,0.076480813883306,0.000302036851308,0,2
195,10115,-0.735576200000000,-0.735024905000000,-0.744515659000000,-0.745433328000000,-0.747904722000000,-0.755684694000000,-0.771044738000000,-0.787342295000000,-0.793807773000000,-0.799925208000000,0.003470814486644,0.000000706346127,0,1
196,10301,-0.266191141000000,-0.285761516000000,-0.284034510000000,-0.286465968000000,-0.298758447000000,-0.283899403000000,-0.310831554000000,-0.298108024000000,-0.292890511000000,-0.299609065000000,0.236021187349246,0.001006129748089,0,2
197,10309,-0.302492504000000,-0.296419224000000,-0.266673461000000,-0.246162383000000,-0.234475430000000,-0.246962477000000,-0.286252949000000,-0.270175963000000,-0.270083148000000,-0.245973834000000,0.215691597895187,0.001824801785790,0,2
198,10457,-0.213849642000000,-0.255428039000000,-0.250139129000000,-0.244517338000000,-0.241154185000000,-0.250320379000000,-0.225230207000000,-0.212618990000000,-0.202505777000000,-0.217480117000000,0.103796755124696,0.000289516596806,0,2
199,11697,-0.743174160000000,-0.740763671000000,-0.751956109000000,-0.745433328000000,-0.758757698000000,-0.765758401000000,-0.776977504000000,-0.793267277000000,-0.803099662000000,-0.808305712000000,0.179432459376369,0.000606264427339,0,1
200,11426,-0.606410887000000,-0.600573817000000,-0.604800553000000,-0.603136996000000,-0.610990244000000,-0.620529121000000,-0.622725572000000,-0.625674914000000,-0.627398497000000,-0.629800958000000,0.100230450658177,0.000375747454999,0,1
201,11430,-0.527054420000000,-0.527609508000000,-0.541143374000000,-0.548028012000000,-0.557560204000000,-0.558407926000000,-0.587976510000000,-0.603667836000000,-0.618951326000000,-0.643209766000000,0.263054867299872,0.002039446481189,0,1
202,11436,-0.721224499000000,-0.712069841000000,-0.723021028000000,-0.724047752000000,-0.732042678000000,-0.735537279000000,-0.748161209000000,-0.756870956000000,-0.760019088000000,-0.772269541000000,0.066443570306875,0.000219448101981,0,1
203,11692,-0.724601370000000,-0.726826668000000,-0.739555360000000,-0.742965762000000,-0.748739566000000,-0.752326791000000,-0.756636590000000,-0.761949512000000,-0.770155693000000,-0.773107592000000,0.123363068854424,0.000297799481185,0,1
204,11235,0.856618442000000,0.873469200000000,0.912224419000000,0.903723584000000,0.966030783000000,1.031558871000000,1.087606298000000,1.168748364000000,1.187053913000000,1.196311060000000,0.135950896315620,0.000667591407505,0,4
205,11354,1.049944303000000,1.094001776000000,1.148665368000000,1.182558593000000,1.232346139000000,1.282562077000000,1.360513564000000,1.400669108000000,1.529164354000000,1.666457385000000,0.133127817231763,0.000604064824130,0,4
206,11372,0.493604817000000,0.488152060000000,0.478198201000000,0.462029189000000,0.478481667000000,0.471628642000000,0.500262400000000,0.536468086000000,0.539155869000000,0.582020051000000,0.076633836815894,0.000203897763649,0,4
207,11205,-0.158975489000000,-0.169346550000000,-0.159200303000000,-0.144169636000000,-0.109248774000000,-0.082425258000000,-0.076063502000000,-0.056030166000000,-0.007376119000000,0.041477485000000,0.095981453538574,0.000265671518851,0,2
208,11224,-0.342170737000000,-0.325932877000000,-0.331157357000000,-0.326769554000000,-0.309611424000000,-0.312441574000000,-0.275234954000000,-0.291336615000000,-0.272617300000000,-0.287038308000000,0.137510984142999,0.000443327902623,0,2
209,10454,-0.342170737000000,-0.348068117000000,-0.357612288000000,-0.350622696000000,-0.358867242000000,-0.356933781000000,-0.353208458000000,-0.369207814000000,-0.393411850000000,-0.370005306000000,0.080232276133756,0.000287660247301,0,2
210,10065,0.000000000000000,0.000000000000000,0.000000000000000,0.000000000000000,0.000000000000000,0.000000000000000,0.000000000000000,0.000000000000000,0.000000000000000,0.000000000000000,0.049564516274827,0.000101539053436,0,2
211,10075,0.000000000000000,0.000000000000000,0.000000000000000,0.000000000000000,0.000000000000000,0.000000000000000,0.000000000000000,0.000000000000000,0.000000000000000,0.000000000000000,0.041830390793377,0.000046619296855,0,2